,treat,age,educ,black,hisp,married,nodegr,re75,re78
0,1.0,37.0,11.0,1.0,0.0,1.0,1.0,0.0,9930.046
1,1.0,22.0,9.0,0.0,1.0,0.0,1.0,0.0,3595.894
2,1.0,30.0,12.0,1.0,0.0,0.0,0.0,0.0,24909.45
3,1.0,27.0,11.0,1.0,0.0,0.0,1.0,0.0,7506.146
4,1.0,33.0,8.0,1.0,0.0,0.0,1.0,0.0,289.7899
5,1.0,22.0,9.0,1.0,0.0,0.0,1.0,0.0,4056.494
6,1.0,23.0,12.0,1.0,0.0,0.0,0.0,0.0,0.0
7,1.0,32.0,11.0,1.0,0.0,0.0,1.0,0.0,8472.158
8,1.0,22.0,16.0,1.0,0.0,0.0,0.0,0.0,2164.022
9,1.0,33.0,12.0,0.0,0.0,1.0,0.0,0.0,12418.07
10,1.0,19.0,9.0,1.0,0.0,0.0,1.0,0.0,8173.908
11,1.0,21.0,13.0,1.0,0.0,0.0,0.0,0.0,17094.64
12,1.0,18.0,8.0,1.0,0.0,0.0,1.0,0.0,0.0
13,1.0,27.0,10.0,1.0,0.0,1.0,1.0,0.0,18739.93
14,1.0,17.0,7.0,1.0,0.0,0.0,1.0,0.0,3023.879
15,1.0,19.0,10.0,1.0,0.0,0.0,1.0,0.0,3228.503
16,1.0,27.0,13.0,1.0,0.0,0.0,0.0,0.0,14581.86
17,1.0,23.0,10.0,1.0,0.0,0.0,1.0,0.0,7693.4
18,1.0,40.0,12.0,1.0,0.0,0.0,0.0,0.0,10804.32
19,1.0,26.0,12.0,1.0,0.0,0.0,0.0,0.0,10747.35
20,1.0,23.0,11.0,1.0,0.0,0.0,1.0,0.0,0.0
21,1.0,41.0,14.0,0.0,0.0,0.0,0.0,0.0,5149.501
22,1.0,38.0,9.0,0.0,0.0,0.0,1.0,0.0,6408.95
23,1.0,24.0,11.0,1.0,0.0,0.0,1.0,0.0,1991.4
24,1.0,33.0,11.0,1.0,0.0,0.0,1.0,7867.916,6281.433
25,1.0,18.0,10.0,1.0,0.0,0.0,1.0,0.0,11163.17
26,1.0,29.0,11.0,1.0,0.0,1.0,1.0,0.0,9642.999
27,1.0,25.0,11.0,1.0,0.0,0.0,1.0,0.0,9897.049
28,1.0,27.0,10.0,0.0,1.0,0.0,1.0,0.0,11142.87
29,1.0,17.0,10.0,1.0,0.0,0.0,1.0,0.0,16218.04
30,1.0,24.0,11.0,1.0,0.0,0.0,1.0,0.0,995.7002
31,1.0,17.0,10.0,1.0,0.0,0.0,1.0,0.0,0.0
32,1.0,26.0,11.0,1.0,0.0,1.0,1.0,2754.646,26372.28
33,1.0,48.0,4.0,1.0,0.0,0.0,1.0,0.0,6551.592
34,1.0,25.0,11.0,1.0,0.0,1.0,1.0,0.0,1574.424
35,1.0,20.0,12.0,1.0,0.0,0.0,0.0,0.0,0.0
36,1.0,25.0,12.0,1.0,0.0,0.0,0.0,0.0,3191.753
37,1.0,42.0,14.0,1.0,0.0,0.0,0.0,0.0,20505.93
38,1.0,25.0,5.0,1.0,0.0,0.0,1.0,0.0,6181.88
39,1.0,23.0,12.0,1.0,0.0,1.0,0.0,0.0,5911.551
40,1.0,46.0,8.0,1.0,0.0,1.0,1.0,0.0,3094.156
41,1.0,24.0,10.0,1.0,0.0,0.0,1.0,0.0,0.0
42,1.0,21.0,12.0,1.0,0.0,0.0,0.0,0.0,1254.582
43,1.0,19.0,9.0,0.0,0.0,0.0,1.0,0.0,13188.83
44,1.0,17.0,8.0,1.0,0.0,0.0,1.0,0.0,8061.485
45,1.0,18.0,8.0,0.0,1.0,1.0,1.0,0.0,2787.96
46,1.0,20.0,11.0,1.0,0.0,0.0,1.0,0.0,3972.54
47,1.0,25.0,11.0,1.0,0.0,1.0,1.0,0.0,0.0
48,1.0,17.0,8.0,1.0,0.0,0.0,1.0,0.0,0.0
49,1.0,17.0,9.0,1.0,0.0,0.0,1.0,0.0,0.0
50,1.0,25.0,5.0,1.0,0.0,0.0,1.0,0.0,12187.41
51,1.0,23.0,12.0,1.0,0.0,0.0,0.0,0.0,4843.176
52,1.0,28.0,8.0,1.0,0.0,0.0,1.0,0.0,0.0
53,1.0,31.0,11.0,1.0,0.0,1.0,1.0,0.0,8087.487
54,1.0,18.0,11.0,1.0,0.0,0.0,1.0,0.0,0.0
55,1.0,25.0,12.0,1.0,0.0,0.0,0.0,0.0,2348.973
56,1.0,30.0,11.0,1.0,0.0,1.0,1.0,0.0,590.7818
57,1.0,17.0,10.0,1.0,0.0,0.0,1.0,0.0,0.0
58,1.0,37.0,9.0,1.0,0.0,0.0,1.0,0.0,1067.506
59,1.0,41.0,4.0,1.0,0.0,1.0,1.0,0.0,7284.986
60,1.0,42.0,14.0,1.0,0.0,1.0,0.0,0.0,13167.52
61,1.0,22.0,11.0,0.0,0.0,0.0,1.0,0.0,1048.432
62,1.0,17.0,8.0,1.0,0.0,0.0,1.0,0.0,0.0
63,1.0,29.0,8.0,1.0,0.0,0.0,1.0,0.0,1923.938
64,1.0,28.0,10.0,1.0,0.0,0.0,1.0,2836.506,3196.571
65,1.0,35.0,10.0,1.0,0.0,0.0,1.0,0.0,4666.236
66,1.0,27.0,11.0,1.0,0.0,0.0,1.0,0.0,549.2984
67,1.0,29.0,4.0,1.0,0.0,0.0,1.0,0.0,762.9146
68,1.0,28.0,9.0,1.0,0.0,0.0,1.0,0.0,10694.29
69,1.0,27.0,11.0,1.0,0.0,0.0,1.0,0.0,0.0
70,1.0,23.0,7.0,0.0,0.0,0.0,1.0,0.0,0.0
71,1.0,45.0,5.0,1.0,0.0,1.0,1.0,0.0,8546.715
72,1.0,29.0,13.0,1.0,0.0,0.0,0.0,0.0,7479.656
73,1.0,27.0,9.0,1.0,0.0,0.0,1.0,0.0,0.0
74,1.0,46.0,13.0,1.0,0.0,0.0,0.0,0.0,647.2046
75,1.0,18.0,6.0,1.0,0.0,0.0,1.0,0.0,0.0
76,1.0,25.0,12.0,1.0,0.0,0.0,0.0,0.0,11965.81
77,1.0,28.0,15.0,1.0,0.0,0.0,0.0,0.0,9598.541
78,1.0,31.0,9.0,1.0,0.0,0.0,1.0,1698.607,10363.27
79,1.0,25.0,11.0,0.0,0.0,0.0,1.0,0.0,18783.35
80,1.0,22.0,12.0,1.0,0.0,0.0,0.0,0.0,18678.08
81,1.0,28.0,11.0,1.0,0.0,0.0,1.0,1284.079,60307.93
82,1.0,21.0,9.0,1.0,0.0,0.0,1.0,0.0,0.0
83,1.0,40.0,11.0,1.0,0.0,0.0,1.0,0.0,23005.6
84,1.0,22.0,11.0,1.0,0.0,0.0,1.0,0.0,6456.697
85,1.0,25.0,12.0,1.0,0.0,0.0,0.0,0.0,0.0
86,1.0,27.0,9.0,1.0,0.0,1.0,1.0,934.4454,1773.423
87,1.0,23.0,10.0,1.0,0.0,1.0,1.0,936.4386,11233.26
88,1.0,29.0,10.0,1.0,0.0,0.0,1.0,4398.95,0.0
89,1.0,18.0,12.0,1.0,0.0,0.0,0.0,0.0,2321.107
90,1.0,38.0,12.0,0.0,0.0,0.0,0.0,0.0,4941.849
91,1.0,27.0,13.0,1.0,0.0,0.0,0.0,0.0,0.0
92,1.0,27.0,8.0,1.0,0.0,0.0,1.0,0.0,0.0
93,1.0,38.0,11.0,1.0,0.0,0.0,1.0,0.0,0.0
94,1.0,23.0,8.0,0.0,1.0,0.0,1.0,0.0,3881.284
95,1.0,26.0,11.0,1.0,0.0,0.0,1.0,0.0,17230.96
96,1.0,42.0,9.0,1.0,0.0,1.0,1.0,3058.531,1294.409
97,1.0,21.0,12.0,0.0,0.0,0.0,0.0,0.0,8048.603
98,1.0,25.0,8.0,1.0,0.0,0.0,1.0,0.0,0.0
99,1.0,31.0,11.0,1.0,0.0,1.0,1.0,0.0,14509.93
100,1.0,17.0,10.0,1.0,0.0,0.0,1.0,0.0,0.0
101,1.0,19.0,8.0,1.0,0.0,0.0,1.0,2657.057,9970.681
102,1.0,29.0,14.0,1.0,0.0,0.0,0.0,679.6734,17814.98
103,1.0,25.0,11.0,1.0,0.0,0.0,1.0,0.0,0.0
104,1.0,21.0,12.0,1.0,0.0,0.0,0.0,0.0,9983.784
105,1.0,44.0,11.0,1.0,0.0,0.0,1.0,0.0,0.0
106,1.0,19.0,10.0,1.0,0.0,0.0,1.0,385.2741,8124.715
107,1.0,25.0,12.0,0.0,0.0,0.0,0.0,0.0,5587.503
108,1.0,18.0,10.0,1.0,0.0,0.0,1.0,798.9079,9737.154
109,1.0,18.0,9.0,1.0,0.0,0.0,1.0,0.0,4482.845
110,1.0,19.0,9.0,1.0,0.0,0.0,1.0,798.9079,17685.18
111,1.0,18.0,9.0,1.0,0.0,0.0,1.0,3287.375,5010.342
112,1.0,26.0,11.0,1.0,0.0,1.0,1.0,1392.853,1460.36
113,1.0,42.0,12.0,1.0,0.0,0.0,0.0,0.0,2456.153
114,1.0,25.0,10.0,1.0,0.0,0.0,1.0,0.0,0.0
115,1.0,31.0,9.0,0.0,1.0,0.0,1.0,0.0,26817.6
116,1.0,24.0,10.0,1.0,0.0,0.0,1.0,0.0,0.0
117,1.0,26.0,10.0,1.0,0.0,0.0,1.0,0.0,9265.788
118,1.0,20.0,12.0,1.0,0.0,0.0,0.0,377.5686,1652.637
119,1.0,19.0,10.0,0.0,0.0,0.0,1.0,5324.109,13829.62
120,1.0,25.0,11.0,1.0,0.0,0.0,1.0,0.0,485.2298
121,1.0,23.0,8.0,0.0,0.0,1.0,1.0,1713.15,4232.309
122,1.0,31.0,12.0,0.0,0.0,0.0,0.0,2611.218,2484.549
123,1.0,18.0,11.0,1.0,0.0,0.0,1.0,0.0,4814.627
124,1.0,19.0,11.0,1.0,0.0,0.0,1.0,0.0,7458.105
125,1.0,43.0,9.0,1.0,0.0,0.0,1.0,0.0,0.0
126,1.0,27.0,13.0,1.0,0.0,0.0,0.0,0.0,34099.28
127,1.0,26.0,11.0,0.0,0.0,0.0,1.0,2226.266,13385.86
128,1.0,29.0,10.0,0.0,1.0,0.0,1.0,8853.674,5112.014
129,1.0,17.0,9.0,1.0,0.0,0.0,1.0,0.0,1953.268
130,1.0,30.0,11.0,1.0,0.0,0.0,1.0,0.0,0.0
131,1.0,17.0,10.0,1.0,0.0,0.0,1.0,156.9491,10641.24
132,1.0,20.0,12.0,0.0,0.0,1.0,0.0,8644.156,11656.51
133,1.0,17.0,9.0,1.0,0.0,0.0,1.0,375.1047,3621.707
134,1.0,18.0,12.0,1.0,0.0,0.0,0.0,562.657,0.0
135,1.0,21.0,11.0,0.0,1.0,0.0,1.0,1395.39,0.0
136,1.0,30.0,11.0,1.0,0.0,0.0,1.0,1913.034,0.0
137,1.0,18.0,11.0,0.0,1.0,0.0,1.0,5491.535,2454.5
138,1.0,20.0,12.0,1.0,0.0,0.0,0.0,9227.559,0.0
139,1.0,20.0,6.0,0.0,1.0,1.0,1.0,10802.98,4488.495
140,1.0,20.0,10.0,1.0,0.0,0.0,1.0,11073.09,0.0
141,1.0,25.0,8.0,1.0,0.0,0.0,1.0,37431.66,2346.828
142,1.0,17.0,9.0,0.0,0.0,0.0,1.0,1618.15,6011.021
143,1.0,18.0,10.0,0.0,1.0,0.0,1.0,2589.042,0.0
144,1.0,19.0,9.0,0.0,1.0,0.0,1.0,6511.124,7913.386
145,1.0,19.0,11.0,1.0,0.0,0.0,1.0,192.7995,661.1924
146,1.0,27.0,10.0,0.0,1.0,0.0,1.0,421.3024,3075.862
147,1.0,18.0,12.0,0.0,1.0,0.0,0.0,535.5533,1115.86
148,1.0,22.0,11.0,1.0,0.0,0.0,1.0,606.9609,317.8952
149,1.0,20.0,9.0,1.0,0.0,0.0,1.0,660.5159,12229.63
150,1.0,20.0,11.0,1.0,0.0,0.0,1.0,696.2192,0.0
151,1.0,18.0,10.0,1.0,0.0,0.0,1.0,699.7896,480.527
152,1.0,17.0,10.0,1.0,0.0,0.0,1.0,856.8864,3251.1
153,1.0,26.0,12.0,1.0,0.0,0.0,0.0,1088.907,11460.56
154,1.0,22.0,10.0,1.0,0.0,0.0,1.0,1071.108,7315.452
155,1.0,20.0,12.0,1.0,0.0,0.0,0.0,1160.366,702.1839
156,1.0,18.0,8.0,1.0,0.0,0.0,1.0,1199.641,0.0
157,1.0,18.0,9.0,1.0,0.0,0.0,1.0,1285.33,15369.48
158,1.0,18.0,10.0,1.0,0.0,0.0,1.0,1371.017,12064.41
159,1.0,19.0,10.0,1.0,0.0,0.0,1.0,1374.587,13278.97
160,1.0,18.0,9.0,0.0,1.0,0.0,1.0,1713.773,8836.566
161,1.0,17.0,10.0,0.0,1.0,0.0,1.0,2202.796,4387.057
162,1.0,19.0,11.0,1.0,0.0,0.0,1.0,1927.995,11965.81
163,1.0,27.0,11.0,1.0,0.0,1.0,1.0,2142.217,2186.189
164,1.0,19.0,10.0,1.0,0.0,0.0,1.0,3213.113,2975.031
165,1.0,19.0,9.0,0.0,1.0,0.0,1.0,3276.15,14271.23
166,1.0,27.0,10.0,1.0,0.0,0.0,1.0,3213.322,2094.119
167,1.0,21.0,11.0,1.0,0.0,1.0,1.0,4167.998,11300.24
168,1.0,29.0,10.0,1.0,0.0,1.0,1.0,4923.263,130.6791
169,1.0,34.0,11.0,0.0,1.0,0.0,1.0,4641.467,2877.682
170,1.0,25.0,10.0,0.0,0.0,0.0,1.0,4712.874,6103.746
171,1.0,31.0,13.0,0.0,0.0,0.0,0.0,5498.35,2329.867
172,1.0,41.0,9.0,1.0,0.0,1.0,1.0,5783.981,0.0
173,1.0,21.0,11.0,0.0,1.0,0.0,1.0,6658.562,9381.295
174,1.0,20.0,11.0,1.0,0.0,0.0,1.0,6426.646,16451.46
175,1.0,24.0,12.0,0.0,1.0,1.0,0.0,7212.11,6485.508
176,1.0,41.0,9.0,1.0,0.0,1.0,1.0,7212.12,3154.72
177,1.0,21.0,12.0,0.0,0.0,0.0,0.0,7390.634,3557.934
178,1.0,22.0,11.0,1.0,0.0,0.0,1.0,7497.752,668.7466
179,1.0,20.0,9.0,0.0,1.0,0.0,1.0,8015.442,5487.97
180,1.0,17.0,11.0,1.0,0.0,0.0,1.0,8497.436,9017.004
181,1.0,24.0,11.0,1.0,0.0,0.0,1.0,9180.92,0.0
182,1.0,23.0,12.0,1.0,0.0,1.0,0.0,15079.95,10283.49
183,1.0,23.0,10.0,1.0,0.0,0.0,1.0,15709.56,5665.066
184,1.0,26.0,11.0,0.0,0.0,0.0,1.0,22959.76,2746.614
185,1.0,21.0,13.0,1.0,0.0,0.0,0.0,24806.83,8803.666
186,1.0,18.0,10.0,1.0,0.0,1.0,1.0,1958.096,10989.93
187,1.0,22.0,10.0,1.0,0.0,0.0,1.0,653.9542,11134.98
188,1.0,17.0,10.0,1.0,0.0,0.0,1.0,1000.55,1433.531
189,1.0,20.0,7.0,1.0,0.0,0.0,1.0,1569.49,5518.083
190,1.0,17.0,9.0,1.0,0.0,0.0,1.0,1667.583,5594.729
191,1.0,23.0,11.0,1.0,0.0,0.0,1.0,1961.864,3689.126
192,1.0,32.0,10.0,1.0,0.0,0.0,1.0,2321.537,179.0217
193,1.0,19.0,12.0,1.0,0.0,0.0,0.0,2534.072,4551.979
194,1.0,30.0,10.0,1.0,0.0,0.0,1.0,2615.817,0.0
195,1.0,25.0,12.0,1.0,0.0,0.0,0.0,2746.608,2090.678
196,1.0,26.0,11.0,0.0,0.0,0.0,1.0,4676.457,1973.345
197,1.0,19.0,10.0,1.0,0.0,0.0,1.0,3473.808,5861.603
198,1.0,19.0,8.0,0.0,0.0,0.0,1.0,3416.907,9251.357
199,1.0,20.0,10.0,1.0,0.0,0.0,1.0,5100.839,13626.04
200,1.0,21.0,11.0,1.0,0.0,0.0,1.0,5310.107,7906.341
201,1.0,23.0,12.0,1.0,0.0,0.0,0.0,7841.972,7947.257
202,1.0,19.0,11.0,1.0,0.0,0.0,1.0,6409.027,11648.7
203,1.0,22.0,11.0,1.0,0.0,0.0,1.0,8774.791,18295.82
204,1.0,23.0,12.0,1.0,0.0,0.0,0.0,7782.042,14416.84
205,1.0,26.0,10.0,1.0,0.0,1.0,1.0,8141.703,4635.66
206,1.0,24.0,12.0,1.0,0.0,0.0,0.0,12982.34,0.0
207,1.0,18.0,10.0,0.0,1.0,0.0,1.0,12625.51,0.0
208,1.0,27.0,11.0,1.0,0.0,0.0,1.0,14223.5,7661.973
209,1.0,21.0,11.0,0.0,1.0,0.0,1.0,17983.71,15191.91
210,1.0,25.0,8.0,0.0,0.0,0.0,1.0,23096.65,6421.53
211,1.0,21.0,12.0,1.0,0.0,0.0,0.0,807.9511,4350.907
212,1.0,19.0,11.0,1.0,0.0,0.0,1.0,532.2536,0.0
213,1.0,18.0,11.0,1.0,0.0,0.0,1.0,851.6061,0.0
214,1.0,34.0,7.0,1.0,0.0,0.0,1.0,857.5195,0.0
215,1.0,21.0,11.0,0.0,0.0,0.0,1.0,946.2279,11412.24
216,1.0,25.0,9.0,1.0,0.0,0.0,1.0,1536.503,1709.342
217,1.0,17.0,9.0,1.0,0.0,0.0,1.0,1341.651,1374.066
218,1.0,28.0,8.0,1.0,0.0,0.0,1.0,1182.786,7779.263
219,1.0,18.0,9.0,1.0,0.0,0.0,1.0,1182.786,5100.469
220,1.0,27.0,12.0,1.0,0.0,0.0,0.0,4310.455,0.0
221,1.0,23.0,9.0,1.0,0.0,0.0,1.0,1774.18,11464.71
222,1.0,19.0,8.0,0.0,1.0,0.0,1.0,1862.889,8774.623
223,1.0,21.0,11.0,1.0,0.0,0.0,1.0,2158.585,0.0
224,1.0,21.0,11.0,1.0,0.0,0.0,1.0,2217.724,4082.37
225,1.0,23.0,10.0,1.0,0.0,0.0,1.0,2217.724,0.0
226,1.0,27.0,9.0,1.0,0.0,0.0,1.0,2294.605,2018.556
227,1.0,27.0,11.0,1.0,0.0,0.0,1.0,2483.852,0.0
228,1.0,23.0,12.0,0.0,0.0,0.0,0.0,3903.195,796.5597
229,1.0,27.0,8.0,1.0,0.0,0.0,1.0,7218.277,7976.932
230,1.0,28.0,11.0,1.0,0.0,1.0,1.0,6952.58,7318.186
231,1.0,25.0,12.0,1.0,0.0,0.0,0.0,5204.259,0.0
232,1.0,20.0,12.0,1.0,0.0,0.0,0.0,6085.421,9750.66
233,1.0,26.0,12.0,1.0,0.0,0.0,0.0,6608.803,5811.765
234,1.0,23.0,10.0,1.0,0.0,1.0,1.0,10495.08,3385.811
235,1.0,49.0,8.0,0.0,0.0,1.0,1.0,7285.948,16717.12
236,1.0,19.0,11.0,1.0,0.0,0.0,1.0,10224.37,11293.81
237,1.0,21.0,13.0,0.0,0.0,0.0,0.0,8616.852,99.57002
238,1.0,27.0,12.0,1.0,0.0,1.0,0.0,7806.387,2777.585
239,1.0,23.0,11.0,1.0,0.0,0.0,1.0,8959.589,1659.5
240,1.0,22.0,11.0,1.0,0.0,0.0,1.0,12170.94,8408.393
241,1.0,24.0,15.0,1.0,0.0,0.0,0.0,13008.5,14683.63
242,1.0,24.0,12.0,1.0,0.0,0.0,0.0,18154.06,0.0
243,1.0,18.0,11.0,1.0,0.0,0.0,1.0,214.5636,929.8839
244,1.0,17.0,10.0,1.0,0.0,0.0,1.0,5793.852,5522.788
245,1.0,17.0,9.0,1.0,0.0,0.0,1.0,1253.439,5445.2
246,1.0,28.0,11.0,1.0,0.0,0.0,1.0,6871.856,0.0
247,1.0,27.0,11.0,1.0,0.0,0.0,1.0,2666.274,0.0
248,1.0,19.0,11.0,1.0,0.0,0.0,1.0,2615.276,4146.603
249,1.0,18.0,11.0,0.0,0.0,0.0,1.0,919.5579,4321.705
250,1.0,24.0,10.0,1.0,0.0,0.0,1.0,2421.947,1660.508
251,1.0,23.0,12.0,1.0,0.0,0.0,0.0,3039.96,8484.239
252,1.0,21.0,9.0,1.0,0.0,0.0,1.0,5749.331,743.6666
253,1.0,21.0,12.0,1.0,0.0,0.0,0.0,3332.409,9371.037
254,1.0,24.0,9.0,1.0,0.0,0.0,1.0,2288.675,4849.559
255,1.0,20.0,9.0,0.0,1.0,0.0,1.0,5875.049,1358.643
256,1.0,25.0,13.0,1.0,0.0,0.0,0.0,3090.732,0.0
257,1.0,35.0,8.0,1.0,0.0,1.0,1.0,17976.15,3786.628
258,1.0,17.0,9.0,0.0,1.0,0.0,1.0,74.34345,6210.67
259,1.0,24.0,11.0,1.0,0.0,1.0,1.0,1666.113,4032.708
260,1.0,20.0,12.0,1.0,0.0,0.0,0.0,165.2077,0.0
261,1.0,21.0,8.0,1.0,0.0,0.0,1.0,3695.897,4279.613
262,1.0,18.0,10.0,1.0,0.0,0.0,1.0,1784.274,11141.39
263,1.0,27.0,12.0,1.0,0.0,0.0,0.0,357.9499,22163.25
264,1.0,22.0,9.0,1.0,0.0,0.0,1.0,3836.986,3462.564
265,1.0,46.0,8.0,1.0,0.0,0.0,1.0,2594.723,0.0
266,1.0,19.0,10.0,1.0,0.0,0.0,1.0,6056.754,0.0
267,1.0,19.0,11.0,0.0,1.0,1.0,1.0,5463.803,6788.463
268,1.0,22.0,12.0,1.0,0.0,0.0,0.0,936.1773,0.0
269,1.0,22.0,12.0,0.0,0.0,0.0,0.0,8455.504,12590.71
270,1.0,26.0,12.0,1.0,0.0,1.0,0.0,5794.831,1424.944
271,1.0,29.0,12.0,1.0,0.0,0.0,0.0,4878.937,10976.51
272,1.0,31.0,9.0,1.0,0.0,0.0,1.0,5517.841,9558.501
273,1.0,29.0,12.0,1.0,0.0,0.0,0.0,1817.284,0.0
274,1.0,35.0,9.0,1.0,0.0,1.0,1.0,13830.64,12803.97
275,1.0,25.0,12.0,1.0,0.0,0.0,0.0,2409.274,0.0
276,1.0,22.0,12.0,0.0,1.0,1.0,0.0,7055.702,10092.83
277,1.0,27.0,10.0,1.0,0.0,0.0,1.0,3550.075,0.0
278,1.0,22.0,10.0,1.0,0.0,1.0,1.0,5588.664,13228.28
279,1.0,19.0,8.0,1.0,0.0,0.0,1.0,2937.264,7535.942
280,1.0,20.0,11.0,1.0,0.0,0.0,1.0,1220.836,1085.44
281,1.0,21.0,12.0,0.0,0.0,0.0,0.0,334.0494,12558.02
282,1.0,27.0,12.0,1.0,0.0,1.0,0.0,334.0493,0.0
283,1.0,20.0,10.0,1.0,0.0,0.0,1.0,2777.355,5615.189
284,1.0,23.0,12.0,1.0,0.0,0.0,0.0,501.0741,671.3318
285,1.0,27.0,13.0,0.0,0.0,1.0,0.0,853.7225,0.0
286,1.0,23.0,12.0,0.0,1.0,0.0,0.0,1117.439,559.4432
287,1.0,24.0,12.0,1.0,0.0,0.0,0.0,2842.764,6167.681
288,1.0,20.0,11.0,1.0,0.0,0.0,1.0,1484.994,6943.342
289,1.0,26.0,10.0,1.0,0.0,0.0,1.0,6788.958,672.8773
290,1.0,25.0,14.0,1.0,0.0,1.0,0.0,11536.57,36646.95
291,1.0,26.0,10.0,1.0,0.0,1.0,1.0,0.0,0.0
292,1.0,20.0,9.0,1.0,0.0,0.0,1.0,0.0,8881.665
293,1.0,31.0,4.0,1.0,0.0,0.0,1.0,4023.211,7382.549
294,1.0,24.0,10.0,1.0,0.0,1.0,1.0,4078.152,0.0
295,1.0,33.0,11.0,1.0,0.0,1.0,1.0,25142.24,4181.942
296,1.0,33.0,12.0,1.0,0.0,1.0,0.0,10941.35,15952.6
297,0.0,23.0,10.0,1.0,0.0,0.0,1.0,0.0,0.0
298,0.0,26.0,12.0,0.0,0.0,0.0,0.0,0.0,12383.68
299,0.0,22.0,9.0,1.0,0.0,0.0,1.0,0.0,0.0
300,0.0,34.0,9.0,1.0,0.0,0.0,1.0,4368.413,14051.16
301,0.0,18.0,9.0,1.0,0.0,0.0,1.0,0.0,10740.08
302,0.0,45.0,11.0,1.0,0.0,0.0,1.0,0.0,11796.47
303,0.0,18.0,9.0,1.0,0.0,0.0,1.0,0.0,9227.052
304,0.0,27.0,12.0,1.0,0.0,0.0,0.0,2483.851,3552.268
305,0.0,24.0,8.0,0.0,0.0,0.0,1.0,0.0,10569.27
306,0.0,34.0,11.0,1.0,0.0,1.0,1.0,0.0,6040.335
307,0.0,20.0,13.0,1.0,0.0,0.0,0.0,8965.243,9199.563
308,0.0,24.0,4.0,0.0,1.0,0.0,1.0,0.0,3880.833
309,0.0,28.0,12.0,0.0,0.0,0.0,0.0,803.343,16477.02
310,0.0,21.0,10.0,1.0,0.0,0.0,1.0,922.5729,0.0
311,0.0,28.0,12.0,1.0,0.0,1.0,0.0,29009.11,10067.43
312,0.0,20.0,12.0,1.0,0.0,0.0,0.0,6004.728,4779.72
313,0.0,23.0,8.0,1.0,0.0,0.0,1.0,3403.056,0.0
314,0.0,21.0,11.0,1.0,0.0,1.0,1.0,7244.561,8976.826
315,0.0,36.0,10.0,1.0,0.0,0.0,1.0,0.0,0.0
316,0.0,18.0,12.0,0.0,0.0,0.0,0.0,735.2051,2502.526
317,0.0,21.0,14.0,1.0,0.0,0.0,0.0,0.0,5775.062
318,0.0,30.0,13.0,1.0,0.0,0.0,0.0,5569.761,0.0
319,0.0,26.0,11.0,0.0,1.0,0.0,1.0,1491.016,0.0
320,0.0,28.0,9.0,1.0,0.0,0.0,1.0,0.0,0.0
321,0.0,31.0,4.0,0.0,0.0,0.0,1.0,10711.08,0.0
322,0.0,18.0,12.0,1.0,0.0,0.0,0.0,642.6645,14444.71
323,0.0,27.0,7.0,1.0,0.0,1.0,1.0,0.0,0.0
324,0.0,19.0,11.0,0.0,0.0,0.0,1.0,0.0,0.0
325,0.0,20.0,8.0,1.0,0.0,0.0,1.0,0.0,0.0
326,0.0,28.0,8.0,1.0,0.0,0.0,1.0,10610.08,4623.188
327,0.0,34.0,12.0,1.0,0.0,0.0,0.0,0.0,2113.722
328,0.0,24.0,10.0,1.0,0.0,0.0,1.0,0.0,7618.639
329,0.0,24.0,9.0,1.0,0.0,0.0,1.0,0.0,16461.57
330,0.0,22.0,8.0,0.0,1.0,0.0,1.0,0.0,9920.945
331,0.0,25.0,11.0,1.0,0.0,0.0,1.0,0.0,4196.375
332,0.0,20.0,11.0,0.0,0.0,0.0,1.0,1177.118,8743.071
333,0.0,21.0,9.0,1.0,0.0,0.0,1.0,0.0,3343.224
334,0.0,19.0,12.0,1.0,0.0,0.0,0.0,2814.195,1720.907
335,0.0,39.0,9.0,1.0,0.0,0.0,1.0,0.0,0.0
336,0.0,19.0,9.0,1.0,0.0,1.0,1.0,0.0,16658.25
337,0.0,24.0,10.0,1.0,0.0,0.0,1.0,1307.908,0.0
338,0.0,44.0,9.0,1.0,0.0,0.0,1.0,0.0,9722.003
339,0.0,23.0,11.0,1.0,0.0,0.0,1.0,1896.023,5573.547
340,0.0,22.0,12.0,1.0,0.0,0.0,0.0,532.2536,1333.445
341,0.0,27.0,8.0,1.0,0.0,0.0,1.0,0.0,3783.66
342,0.0,27.0,11.0,1.0,0.0,1.0,1.0,1122.621,215.8348
343,0.0,18.0,9.0,1.0,0.0,0.0,1.0,1605.448,0.0
344,0.0,25.0,8.0,1.0,0.0,0.0,1.0,0.0,3515.929
345,0.0,31.0,10.0,1.0,0.0,0.0,1.0,0.0,17014.59
346,0.0,28.0,10.0,1.0,0.0,0.0,1.0,6567.329,5435.787
347,0.0,26.0,10.0,1.0,0.0,1.0,1.0,558.7734,0.0
348,0.0,30.0,8.0,1.0,0.0,0.0,1.0,1706.657,0.0
349,0.0,28.0,11.0,0.0,1.0,1.0,1.0,0.0,6771.622
350,0.0,34.0,10.0,1.0,0.0,1.0,1.0,0.0,0.0
351,0.0,21.0,7.0,0.0,1.0,0.0,1.0,0.0,0.0
352,0.0,33.0,12.0,1.0,0.0,0.0,0.0,0.0,5970.257
353,0.0,19.0,9.0,1.0,0.0,0.0,1.0,1778.089,7171.0
354,0.0,20.0,11.0,1.0,0.0,0.0,1.0,7967.209,0.0
355,0.0,18.0,10.0,0.0,1.0,0.0,1.0,0.0,1859.167
356,0.0,27.0,12.0,1.0,0.0,1.0,0.0,752.3901,0.0
357,0.0,26.0,12.0,1.0,0.0,1.0,0.0,0.0,6191.943
358,0.0,24.0,9.0,1.0,0.0,0.0,1.0,9662.67,0.0
359,0.0,31.0,12.0,1.0,0.0,0.0,0.0,0.0,7284.394
360,0.0,22.0,12.0,1.0,0.0,0.0,0.0,2158.05,0.0
361,0.0,28.0,14.0,1.0,0.0,0.0,0.0,6539.537,3123.116
362,0.0,35.0,10.0,1.0,0.0,0.0,1.0,0.0,445.8309
363,0.0,20.0,12.0,1.0,0.0,0.0,0.0,0.0,0.0
364,0.0,30.0,9.0,0.0,0.0,0.0,1.0,3141.917,1320.923
365,0.0,25.0,11.0,1.0,0.0,0.0,1.0,0.0,0.0
366,0.0,25.0,10.0,1.0,0.0,0.0,1.0,0.0,7367.04
367,0.0,35.0,11.0,1.0,0.0,0.0,1.0,0.0,0.0
368,0.0,22.0,8.0,1.0,0.0,0.0,1.0,6150.52,0.0
369,0.0,21.0,12.0,1.0,0.0,0.0,0.0,449.0479,0.0
370,0.0,20.0,10.0,1.0,0.0,0.0,1.0,0.0,2015.503
371,0.0,21.0,8.0,1.0,0.0,0.0,1.0,2237.208,1764.108
372,0.0,25.0,9.0,0.0,1.0,0.0,1.0,0.0,15791.13
373,0.0,24.0,10.0,0.0,1.0,0.0,1.0,3000.838,5350.038
374,0.0,33.0,11.0,1.0,0.0,0.0,1.0,2899.82,18859.89
375,0.0,21.0,9.0,1.0,0.0,0.0,1.0,12357.22,0.0
376,0.0,27.0,11.0,1.0,0.0,1.0,1.0,4491.884,0.0
377,0.0,27.0,10.0,1.0,0.0,0.0,1.0,0.0,1135.47
378,0.0,20.0,11.0,0.0,1.0,0.0,1.0,0.0,6378.72
379,0.0,25.0,13.0,1.0,0.0,0.0,0.0,10240.36,10020.72
380,0.0,18.0,11.0,1.0,0.0,0.0,1.0,645.2723,5497.591
381,0.0,26.0,11.0,1.0,0.0,0.0,1.0,0.0,7176.187
382,0.0,38.0,8.0,1.0,0.0,0.0,1.0,0.0,0.0
383,0.0,21.0,11.0,1.0,0.0,1.0,1.0,7652.12,8396.654
384,0.0,34.0,11.0,1.0,0.0,0.0,1.0,8912.484,5611.866
385,0.0,21.0,10.0,1.0,0.0,0.0,1.0,1162.362,39483.53
386,0.0,31.0,13.0,1.0,0.0,0.0,0.0,10393.61,7404.762
387,0.0,34.0,10.0,1.0,0.0,0.0,1.0,0.0,7952.54
388,0.0,25.0,11.0,1.0,0.0,0.0,1.0,3649.769,0.0
389,0.0,24.0,9.0,1.0,0.0,0.0,1.0,1275.356,8644.427
390,0.0,19.0,12.0,1.0,0.0,0.0,0.0,0.0,0.0
391,0.0,32.0,8.0,1.0,0.0,0.0,1.0,0.0,7152.132
392,0.0,20.0,9.0,0.0,1.0,0.0,1.0,0.0,8329.823
393,0.0,23.0,10.0,1.0,0.0,0.0,1.0,0.0,0.0
394,0.0,38.0,10.0,1.0,0.0,0.0,1.0,0.0,12429.91
395,0.0,24.0,11.0,1.0,0.0,0.0,1.0,0.0,0.0
396,0.0,19.0,10.0,0.0,1.0,0.0,1.0,1197.462,11223.72
397,0.0,23.0,11.0,1.0,0.0,0.0,1.0,0.0,5088.76
398,0.0,20.0,7.0,0.0,1.0,0.0,1.0,0.0,4374.04
399,0.0,25.0,10.0,1.0,0.0,1.0,1.0,9319.444,0.0
400,0.0,21.0,11.0,1.0,0.0,0.0,1.0,0.0,1553.291
401,0.0,25.0,10.0,1.0,0.0,0.0,1.0,0.0,0.0
402,0.0,22.0,11.0,1.0,0.0,1.0,1.0,0.0,1698.304
403,0.0,29.0,9.0,0.0,1.0,0.0,1.0,16341.16,16900.3
404,0.0,21.0,11.0,1.0,0.0,0.0,1.0,1862.889,11630.66
405,0.0,21.0,7.0,1.0,0.0,0.0,1.0,0.0,11011.57
406,0.0,23.0,11.0,1.0,0.0,0.0,1.0,0.0,0.0
407,0.0,20.0,12.0,1.0,0.0,0.0,0.0,1371.473,20893.11
408,0.0,21.0,11.0,0.0,1.0,0.0,1.0,8920.471,20857.84
409,0.0,26.0,12.0,1.0,0.0,0.0,0.0,7322.037,4677.049
410,0.0,24.0,12.0,0.0,0.0,0.0,0.0,0.0,11294.63
411,0.0,43.0,10.0,1.0,0.0,0.0,1.0,4128.443,7565.273
412,0.0,31.0,11.0,1.0,0.0,0.0,1.0,1726.445,0.0
413,0.0,22.0,11.0,1.0,0.0,0.0,1.0,2707.372,100.6998
414,0.0,29.0,11.0,1.0,0.0,0.0,1.0,0.0,0.0
415,0.0,24.0,11.0,1.0,0.0,0.0,1.0,0.0,14626.39
416,0.0,22.0,9.0,1.0,0.0,0.0,1.0,0.0,12898.38
417,0.0,19.0,11.0,1.0,0.0,0.0,1.0,8870.879,7396.292
418,0.0,28.0,11.0,1.0,0.0,0.0,1.0,0.0,5767.133
419,0.0,18.0,10.0,0.0,1.0,0.0,1.0,0.0,6527.919
420,0.0,18.0,9.0,1.0,0.0,0.0,1.0,2138.094,5767.704
421,0.0,26.0,10.0,1.0,0.0,0.0,1.0,0.0,3931.238
422,0.0,25.0,10.0,1.0,0.0,0.0,1.0,0.0,20942.24
423,0.0,26.0,12.0,1.0,0.0,0.0,0.0,8479.593,10820.55
424,0.0,23.0,11.0,1.0,0.0,0.0,1.0,29897.19,23483.45
425,0.0,20.0,8.0,0.0,1.0,0.0,1.0,1124.801,11731.2
426,0.0,24.0,10.0,1.0,0.0,0.0,1.0,0.0,0.0
427,0.0,27.0,13.0,1.0,0.0,0.0,0.0,8797.348,1653.481
428,0.0,26.0,5.0,1.0,0.0,0.0,1.0,0.0,0.0
429,0.0,37.0,10.0,1.0,0.0,0.0,1.0,8606.743,0.0
430,0.0,36.0,10.0,1.0,0.0,0.0,1.0,0.0,14690.35
431,0.0,22.0,11.0,1.0,0.0,0.0,1.0,0.0,0.0
432,0.0,22.0,9.0,1.0,0.0,0.0,1.0,506.4076,604.1987
433,0.0,25.0,12.0,1.0,0.0,0.0,0.0,0.0,3418.097
434,0.0,22.0,10.0,1.0,0.0,0.0,1.0,1765.676,0.0
435,0.0,27.0,11.0,1.0,0.0,0.0,1.0,0.0,11197.34
436,0.0,29.0,8.0,1.0,0.0,0.0,1.0,0.0,0.0
437,0.0,18.0,9.0,1.0,0.0,0.0,1.0,2006.629,6546.01
438,0.0,24.0,12.0,1.0,0.0,0.0,0.0,0.0,0.0
439,0.0,27.0,9.0,0.0,1.0,0.0,1.0,1596.762,6723.414
440,0.0,19.0,9.0,1.0,0.0,0.0,1.0,902.4565,1914.414
441,0.0,22.0,10.0,1.0,0.0,0.0,1.0,0.0,0.0
442,0.0,29.0,12.0,1.0,0.0,0.0,0.0,1359.347,132.76
443,0.0,30.0,11.0,1.0,0.0,1.0,1.0,9311.938,3982.801
444,0.0,22.0,7.0,1.0,0.0,0.0,1.0,13503.77,11607.09
445,0.0,24.0,7.0,1.0,0.0,0.0,1.0,0.0,1455.69
446,0.0,29.0,14.0,1.0,0.0,0.0,0.0,3357.185,7226.049
447,0.0,29.0,12.0,1.0,0.0,0.0,0.0,0.0,1890.937
448,0.0,22.0,11.0,1.0,0.0,0.0,1.0,1321.66,2639.29
449,0.0,25.0,11.0,0.0,1.0,1.0,1.0,0.0,4485.616
450,0.0,30.0,12.0,1.0,0.0,0.0,0.0,0.0,13613.35
451,0.0,22.0,8.0,1.0,0.0,0.0,1.0,0.0,1390.509
452,0.0,55.0,3.0,1.0,0.0,0.0,1.0,0.0,5843.796
453,0.0,35.0,10.0,1.0,0.0,0.0,1.0,9902.763,9453.827
454,0.0,20.0,10.0,1.0,0.0,0.0,1.0,0.0,8598.522
455,0.0,29.0,9.0,1.0,0.0,0.0,1.0,1203.824,9378.653
456,0.0,20.0,11.0,1.0,0.0,0.0,1.0,3470.389,7896.707
457,0.0,27.0,9.0,1.0,0.0,0.0,1.0,2129.016,0.0
458,0.0,28.0,10.0,1.0,0.0,1.0,1.0,6449.48,16988.18
459,0.0,20.0,11.0,1.0,0.0,0.0,1.0,2531.311,0.0
460,0.0,26.0,14.0,1.0,0.0,1.0,0.0,2025.566,0.0
461,0.0,19.0,8.0,0.0,1.0,0.0,1.0,1087.803,2987.101
462,0.0,34.0,11.0,1.0,0.0,0.0,1.0,0.0,2920.199
463,0.0,22.0,12.0,1.0,0.0,0.0,0.0,0.0,0.0
464,0.0,32.0,12.0,0.0,1.0,1.0,0.0,0.0,6735.32
465,0.0,19.0,11.0,1.0,0.0,0.0,1.0,1868.021,0.0
466,0.0,31.0,10.0,1.0,0.0,0.0,1.0,0.0,0.0
467,0.0,18.0,9.0,1.0,0.0,0.0,1.0,0.0,0.0
468,0.0,28.0,10.0,1.0,0.0,0.0,1.0,4479.587,128.672
469,0.0,32.0,12.0,1.0,0.0,0.0,0.0,12419.18,10673.7
470,0.0,50.0,10.0,0.0,1.0,0.0,1.0,0.0,0.0
471,0.0,20.0,12.0,1.0,0.0,0.0,0.0,591.8151,4159.919
472,0.0,25.0,11.0,1.0,0.0,1.0,1.0,0.0,44.75546
473,0.0,23.0,10.0,1.0,0.0,1.0,1.0,0.0,0.0
474,0.0,21.0,14.0,1.0,0.0,0.0,0.0,5926.795,29408.04
475,0.0,38.0,10.0,1.0,0.0,0.0,1.0,0.0,0.0
476,0.0,25.0,7.0,0.0,1.0,0.0,1.0,1177.118,9722.349
477,0.0,25.0,10.0,1.0,0.0,1.0,1.0,0.0,3701.812
478,0.0,29.0,12.0,1.0,0.0,0.0,0.0,2080.209,16969.95
479,0.0,42.0,10.0,1.0,0.0,0.0,1.0,0.0,6930.336
480,0.0,39.0,12.0,1.0,0.0,1.0,0.0,0.0,3795.799
481,0.0,27.0,11.0,1.0,0.0,1.0,1.0,20035.26,9074.764
482,0.0,34.0,13.0,1.0,0.0,1.0,0.0,0.0,5193.247
483,0.0,25.0,11.0,1.0,0.0,1.0,1.0,3266.406,479.2677
484,0.0,28.0,10.0,1.0,0.0,0.0,1.0,10068.4,0.0
485,0.0,24.0,7.0,1.0,0.0,0.0,1.0,0.0,2193.528
486,0.0,32.0,11.0,1.0,0.0,0.0,1.0,0.0,11120.53
487,0.0,27.0,13.0,1.0,0.0,0.0,0.0,0.0,7609.518
488,0.0,20.0,12.0,1.0,0.0,0.0,0.0,4932.215,6086.966
489,0.0,29.0,13.0,1.0,0.0,0.0,0.0,2265.579,2725.322
490,0.0,26.0,10.0,1.0,0.0,0.0,1.0,0.0,2169.027
491,0.0,44.0,11.0,1.0,0.0,0.0,1.0,0.0,0.0
492,0.0,24.0,9.0,1.0,0.0,0.0,1.0,4118.681,597.42
493,0.0,28.0,10.0,0.0,0.0,1.0,1.0,6346.193,6793.077
494,0.0,24.0,11.0,1.0,0.0,0.0,1.0,1327.993,9495.902
495,0.0,25.0,11.0,1.0,0.0,0.0,1.0,0.0,1264.232
496,0.0,25.0,8.0,1.0,0.0,1.0,1.0,515.8274,14281.31
497,0.0,23.0,11.0,1.0,0.0,0.0,1.0,5716.407,10274.84
498,0.0,20.0,11.0,1.0,0.0,0.0,1.0,1650.461,278.8751
499,0.0,24.0,12.0,1.0,0.0,0.0,0.0,8100.533,11235.11
500,0.0,20.0,11.0,0.0,0.0,1.0,1.0,8159.507,6336.783
501,0.0,25.0,12.0,1.0,0.0,0.0,0.0,0.0,0.0
502,0.0,28.0,11.0,1.0,0.0,0.0,1.0,863.4795,0.0
503,0.0,28.0,12.0,1.0,0.0,1.0,0.0,0.0,0.0
504,0.0,21.0,12.0,0.0,0.0,0.0,0.0,5440.815,11544.01
505,0.0,24.0,11.0,0.0,0.0,0.0,1.0,1468.383,10361.69
506,0.0,32.0,10.0,1.0,0.0,0.0,1.0,0.0,0.0
507,0.0,21.0,10.0,1.0,0.0,1.0,1.0,1785.18,6831.106
508,0.0,21.0,8.0,1.0,0.0,0.0,1.0,6608.304,3083.581
509,0.0,25.0,10.0,1.0,0.0,1.0,1.0,11696.37,11127.28
510,0.0,22.0,10.0,0.0,0.0,1.0,1.0,23031.98,5448.801
511,0.0,22.0,10.0,1.0,0.0,0.0,1.0,0.0,0.0
512,0.0,19.0,9.0,1.0,0.0,0.0,1.0,0.0,5712.643
513,0.0,31.0,10.0,1.0,0.0,1.0,1.0,0.0,0.0
514,0.0,23.0,11.0,1.0,0.0,0.0,1.0,0.0,0.0
515,0.0,22.0,11.0,1.0,0.0,0.0,1.0,875.2615,9139.652
516,0.0,33.0,11.0,1.0,0.0,0.0,1.0,0.0,0.0
517,0.0,27.0,10.0,1.0,0.0,0.0,1.0,0.0,1184.882
518,0.0,29.0,11.0,1.0,0.0,1.0,1.0,0.0,10225.88
519,0.0,38.0,10.0,1.0,0.0,1.0,1.0,14701.95,4393.523
520,0.0,20.0,6.0,1.0,0.0,0.0,1.0,2850.61,0.0
521,0.0,23.0,10.0,1.0,0.0,0.0,1.0,0.0,0.0
522,0.0,29.0,11.0,1.0,0.0,0.0,1.0,3256.165,3290.293
523,0.0,26.0,9.0,1.0,0.0,0.0,1.0,6955.054,11856.88
524,0.0,25.0,9.0,1.0,0.0,1.0,1.0,0.0,4715.371
525,0.0,24.0,11.0,1.0,0.0,0.0,1.0,13370.58,19533.88
526,0.0,25.0,10.0,1.0,0.0,0.0,1.0,0.0,289.7899
527,0.0,23.0,11.0,0.0,0.0,0.0,1.0,19995.64,12896.22
528,0.0,25.0,13.0,1.0,0.0,0.0,0.0,3751.048,1672.776
529,0.0,20.0,9.0,1.0,0.0,0.0,1.0,9164.449,8924.395
530,0.0,25.0,11.0,1.0,0.0,0.0,1.0,3072.726,284.6584
531,0.0,29.0,12.0,0.0,0.0,0.0,0.0,12205.14,16328.96
532,0.0,25.0,9.0,1.0,0.0,1.0,1.0,16946.63,7343.964
533,0.0,23.0,11.0,1.0,0.0,0.0,1.0,580.7901,0.0
534,0.0,44.0,9.0,1.0,0.0,1.0,1.0,10857.24,12359.31
535,0.0,22.0,12.0,1.0,0.0,1.0,0.0,9352.199,8072.181
536,0.0,20.0,11.0,0.0,0.0,0.0,1.0,1159.131,0.0
537,0.0,36.0,11.0,1.0,0.0,0.0,1.0,7311.561,0.0
538,0.0,24.0,10.0,1.0,0.0,0.0,1.0,0.0,0.0
539,0.0,28.0,8.0,0.0,0.0,0.0,1.0,0.0,8190.421
540,0.0,39.0,11.0,1.0,0.0,0.0,1.0,83.68964,0.0
541,0.0,27.0,12.0,0.0,1.0,0.0,0.0,24276.97,15762.88
542,0.0,31.0,10.0,1.0,0.0,0.0,1.0,520.4463,14527.88
543,0.0,26.0,6.0,1.0,0.0,0.0,1.0,0.0,4813.05
544,0.0,30.0,11.0,1.0,0.0,1.0,1.0,24105.39,7263.025
545,0.0,31.0,8.0,1.0,0.0,0.0,1.0,4577.68,6153.83
546,0.0,26.0,8.0,1.0,0.0,0.0,1.0,5562.598,3523.578
547,0.0,26.0,10.0,1.0,0.0,1.0,1.0,9107.431,12659.58
548,0.0,24.0,12.0,1.0,0.0,0.0,0.0,159.8847,0.0
549,0.0,25.0,11.0,1.0,0.0,0.0,1.0,2455.067,8764.148
550,0.0,29.0,9.0,1.0,0.0,0.0,1.0,9160.693,0.0
551,0.0,30.0,14.0,1.0,0.0,1.0,0.0,0.0,7344.678
552,0.0,25.0,10.0,1.0,0.0,1.0,1.0,0.0,0.0
553,0.0,41.0,12.0,1.0,0.0,0.0,0.0,9818.467,0.0
554,0.0,29.0,11.0,1.0,0.0,1.0,1.0,0.0,0.0
555,0.0,25.0,12.0,1.0,0.0,1.0,0.0,0.0,0.0
556,0.0,28.0,13.0,1.0,0.0,0.0,0.0,0.0,0.0
557,0.0,23.0,11.0,1.0,0.0,0.0,1.0,0.0,4350.907
558,0.0,54.0,11.0,1.0,0.0,0.0,1.0,0.0,7812.522
559,0.0,33.0,5.0,0.0,1.0,0.0,1.0,0.0,0.0
560,0.0,31.0,12.0,0.0,0.0,0.0,0.0,494.643,0.0
561,0.0,34.0,12.0,1.0,0.0,0.0,0.0,4087.214,5670.82
562,0.0,50.0,8.0,1.0,0.0,1.0,1.0,5630.05,8997.193
563,0.0,31.0,11.0,1.0,0.0,0.0,1.0,7505.213,308.3352
564,0.0,36.0,12.0,0.0,1.0,0.0,0.0,11491.95,4978.501
565,0.0,20.0,8.0,1.0,0.0,0.0,1.0,0.0,3644.655
566,0.0,24.0,12.0,0.0,0.0,1.0,0.0,24294.75,665.7374
567,0.0,23.0,12.0,0.0,1.0,0.0,0.0,8960.684,7078.178
568,0.0,26.0,13.0,0.0,0.0,0.0,0.0,5395.119,9766.2
569,0.0,28.0,11.0,0.0,0.0,0.0,1.0,3200.912,7645.055
570,0.0,45.0,9.0,1.0,0.0,0.0,1.0,0.0,4844.803
571,0.0,23.0,10.0,1.0,0.0,1.0,1.0,9854.153,0.0
572,0.0,28.0,11.0,1.0,0.0,0.0,1.0,13371.25,0.0
573,0.0,26.0,11.0,1.0,0.0,1.0,1.0,4184.732,0.0
574,0.0,22.0,10.0,1.0,0.0,0.0,1.0,2174.955,5344.021
575,0.0,27.0,13.0,0.0,0.0,0.0,0.0,474.5018,4812.576
576,0.0,27.0,12.0,0.0,1.0,0.0,0.0,2677.771,17395.17
577,0.0,39.0,6.0,1.0,0.0,0.0,1.0,0.0,0.0
578,0.0,25.0,11.0,1.0,0.0,0.0,1.0,0.0,0.0
579,0.0,31.0,11.0,1.0,0.0,0.0,1.0,18291.41,0.0
580,0.0,22.0,12.0,1.0,0.0,0.0,0.0,2003.68,439.6881
581,0.0,22.0,10.0,1.0,0.0,0.0,1.0,13732.98,10770.96
582,0.0,28.0,10.0,1.0,0.0,0.0,1.0,367.8234,4858.895
583,0.0,31.0,11.0,1.0,0.0,0.0,1.0,6382.587,0.0
584,0.0,27.0,10.0,1.0,0.0,1.0,1.0,11280.71,0.0
585,0.0,28.0,11.0,1.0,0.0,1.0,1.0,5393.895,4974.586
586,0.0,26.0,12.0,1.0,0.0,0.0,0.0,0.0,0.0
587,0.0,27.0,12.0,1.0,0.0,0.0,0.0,32984.25,10833.34
588,0.0,27.0,12.0,0.0,0.0,0.0,0.0,5035.444,0.0
589,0.0,36.0,12.0,1.0,0.0,0.0,0.0,142.3973,0.0
590,0.0,26.0,8.0,1.0,0.0,1.0,1.0,4084.258,0.0
591,0.0,23.0,9.0,1.0,0.0,1.0,1.0,19289.85,7600.104
592,0.0,23.0,10.0,1.0,0.0,0.0,1.0,0.0,0.0
593,0.0,31.0,12.0,1.0,0.0,0.0,0.0,5613.909,0.0
594,0.0,36.0,7.0,1.0,0.0,0.0,1.0,1606.662,20780.65
595,0.0,39.0,12.0,1.0,0.0,1.0,0.0,6608.137,499.2572
596,0.0,35.0,11.0,1.0,0.0,1.0,1.0,8720.905,0.0
597,0.0,21.0,9.0,0.0,0.0,0.0,1.0,1577.167,1740.199
598,0.0,36.0,11.0,0.0,1.0,0.0,1.0,3063.878,1324.542
599,0.0,27.0,12.0,0.0,0.0,0.0,0.0,0.0,14792.9
600,0.0,26.0,11.0,1.0,0.0,0.0,1.0,1174.991,6672.021
601,0.0,28.0,9.0,1.0,0.0,1.0,1.0,9210.447,1239.844
602,0.0,33.0,9.0,0.0,1.0,1.0,1.0,0.0,0.0
603,0.0,28.0,11.0,1.0,0.0,1.0,1.0,10033.91,0.0
604,0.0,22.0,11.0,1.0,0.0,0.0,1.0,6974.484,3708.719
605,0.0,25.0,11.0,1.0,0.0,0.0,1.0,4284.429,4116.702
606,0.0,25.0,10.0,1.0,0.0,1.0,1.0,0.0,0.0
607,0.0,27.0,11.0,1.0,0.0,0.0,1.0,766.2986,0.0
608,0.0,26.0,8.0,0.0,0.0,1.0,1.0,36941.27,30247.5
609,0.0,28.0,12.0,1.0,0.0,1.0,0.0,5551.456,12780.02
610,0.0,25.0,10.0,0.0,0.0,0.0,1.0,8140.402,3412.955
611,0.0,22.0,10.0,0.0,0.0,0.0,1.0,10598.67,7094.92
612,0.0,23.0,8.0,1.0,0.0,0.0,1.0,0.0,3746.701
613,0.0,20.0,12.0,0.0,0.0,0.0,0.0,3104.815,12573.97
614,0.0,19.0,11.0,1.0,0.0,0.0,1.0,3285.68,11195.93
615,0.0,17.0,9.0,0.0,1.0,0.0,1.0,671.2271,4209.579
616,0.0,19.0,11.0,1.0,0.0,0.0,1.0,5160.259,0.0
617,0.0,18.0,11.0,1.0,0.0,0.0,1.0,4152.609,4164.767
618,0.0,17.0,10.0,0.0,1.0,0.0,1.0,1239.628,5088.986
619,0.0,20.0,11.0,1.0,0.0,0.0,1.0,3248.937,6027.639
620,0.0,18.0,8.0,1.0,0.0,0.0,1.0,0.0,1568.15
621,0.0,20.0,10.0,1.0,0.0,0.0,1.0,3677.588,557.7499
622,0.0,18.0,11.0,1.0,0.0,0.0,1.0,2041.363,796.559
623,0.0,19.0,10.0,0.0,1.0,0.0,1.0,2275.368,4335.159
624,0.0,17.0,8.0,1.0,0.0,0.0,1.0,0.0,7010.444
625,0.0,17.0,10.0,0.0,1.0,0.0,1.0,1734.559,6354.194
626,0.0,18.0,10.0,1.0,0.0,0.0,1.0,2682.125,0.0
627,0.0,18.0,10.0,1.0,0.0,0.0,1.0,240.1067,2891.668
628,0.0,19.0,11.0,0.0,1.0,1.0,1.0,308.2192,0.0
629,0.0,18.0,11.0,1.0,0.0,0.0,1.0,8784.237,1824.377
630,0.0,19.0,11.0,1.0,0.0,0.0,1.0,1615.901,8823.059
631,0.0,19.0,10.0,1.0,0.0,0.0,1.0,963.9971,7047.08
632,0.0,19.0,9.0,0.0,1.0,0.0,1.0,0.0,3811.683
633,0.0,18.0,10.0,1.0,0.0,0.0,1.0,1642.365,0.0
634,0.0,18.0,10.0,1.0,0.0,0.0,1.0,0.0,9602.439
635,0.0,17.0,11.0,1.0,0.0,0.0,1.0,3796.029,0.0
636,0.0,18.0,6.0,0.0,1.0,0.0,1.0,6142.681,3825.308
637,0.0,19.0,11.0,1.0,0.0,0.0,1.0,2445.589,9772.283
638,0.0,18.0,8.0,0.0,1.0,0.0,1.0,0.0,10798.56
639,0.0,18.0,11.0,1.0,0.0,0.0,1.0,0.0,4657.273
640,0.0,17.0,11.0,1.0,0.0,0.0,1.0,0.0,8551.533
641,0.0,19.0,10.0,1.0,0.0,0.0,1.0,0.0,4309.878
642,0.0,19.0,10.0,1.0,0.0,0.0,1.0,0.0,5286.396
643,0.0,18.0,9.0,1.0,0.0,0.0,1.0,0.0,12486.17
644,0.0,18.0,10.0,1.0,0.0,0.0,1.0,2285.03,3268.938
645,0.0,18.0,11.0,1.0,0.0,0.0,1.0,2292.171,4994.227
646,0.0,18.0,10.0,1.0,0.0,0.0,1.0,273.5525,5514.365
647,0.0,18.0,9.0,0.0,1.0,0.0,1.0,2684.91,2978.669
648,0.0,18.0,9.0,1.0,0.0,0.0,1.0,0.0,10877.35
649,0.0,18.0,12.0,1.0,0.0,0.0,0.0,1405.512,0.0
650,0.0,18.0,9.0,0.0,1.0,0.0,1.0,1646.51,1065.672
651,0.0,19.0,11.0,1.0,0.0,0.0,1.0,393.8598,2481.518
652,0.0,18.0,7.0,0.0,1.0,1.0,1.0,2672.202,6330.888
653,0.0,19.0,11.0,0.0,0.0,0.0,1.0,823.2544,2649.599
654,0.0,18.0,8.0,0.0,1.0,0.0,1.0,2483.852,11135.53
655,0.0,17.0,8.0,1.0,0.0,0.0,1.0,1178.219,14380.17
656,0.0,18.0,10.0,1.0,0.0,0.0,1.0,0.0,202.2847
657,0.0,17.0,10.0,1.0,0.0,0.0,1.0,1726.439,11061.62
658,0.0,17.0,10.0,1.0,0.0,0.0,1.0,664.569,0.0
659,0.0,20.0,10.0,1.0,0.0,0.0,1.0,690.192,10864.88
660,0.0,18.0,10.0,1.0,0.0,0.0,1.0,1428.144,11602.94
661,0.0,19.0,11.0,1.0,0.0,0.0,1.0,705.1964,0.0
662,0.0,17.0,10.0,1.0,0.0,0.0,1.0,0.0,2657.705
663,0.0,18.0,7.0,1.0,0.0,0.0,1.0,0.0,4132.577
664,0.0,18.0,11.0,1.0,0.0,0.0,1.0,0.0,11303.14
665,0.0,20.0,9.0,1.0,0.0,0.0,1.0,2483.852,0.0
666,0.0,19.0,10.0,0.0,1.0,0.0,1.0,0.0,0.0
667,0.0,18.0,9.0,1.0,0.0,0.0,1.0,0.0,0.0
668,0.0,17.0,10.0,1.0,0.0,0.0,1.0,0.0,0.0
669,0.0,17.0,11.0,1.0,0.0,0.0,1.0,1156.797,6365.031
670,0.0,17.0,10.0,1.0,0.0,0.0,1.0,0.0,2189.426
671,0.0,18.0,9.0,1.0,0.0,0.0,1.0,490.4656,3480.847
672,0.0,19.0,11.0,1.0,0.0,0.0,1.0,0.0,0.0
673,0.0,17.0,8.0,0.0,0.0,0.0,1.0,0.0,10210.99
674,0.0,18.0,10.0,1.0,0.0,0.0,1.0,0.0,11048.08
675,0.0,18.0,9.0,1.0,0.0,0.0,1.0,0.0,0.0
676,0.0,17.0,9.0,1.0,0.0,0.0,1.0,2595.267,0.0
677,0.0,17.0,8.0,1.0,0.0,0.0,1.0,0.0,8993.865
678,0.0,17.0,8.0,1.0,0.0,0.0,1.0,2036.79,0.0
679,0.0,19.0,9.0,0.0,1.0,0.0,1.0,2750.841,15581.44
680,0.0,17.0,9.0,1.0,0.0,0.0,1.0,620.9627,18085.73
681,0.0,19.0,10.0,1.0,0.0,0.0,1.0,1428.144,4687.937
682,0.0,19.0,6.0,0.0,1.0,0.0,1.0,0.0,5071.801
683,0.0,20.0,11.0,1.0,0.0,0.0,1.0,1633.202,1310.727
684,0.0,19.0,10.0,0.0,0.0,0.0,1.0,0.0,3194.01
685,0.0,17.0,11.0,0.0,0.0,0.0,1.0,0.0,0.0
686,0.0,18.0,9.0,0.0,0.0,0.0,1.0,559.596,7300.498
687,0.0,20.0,11.0,1.0,0.0,0.0,1.0,7666.875,7659.218
688,0.0,20.0,10.0,1.0,0.0,0.0,1.0,2856.287,18347.26
689,0.0,20.0,9.0,1.0,0.0,0.0,1.0,0.0,5193.089
690,0.0,19.0,9.0,1.0,0.0,0.0,1.0,2642.067,2652.625
691,0.0,18.0,10.0,1.0,0.0,0.0,1.0,2456.994,13674.75
692,0.0,19.0,11.0,1.0,0.0,0.0,1.0,4503.064,0.0
693,0.0,17.0,9.0,1.0,0.0,0.0,1.0,0.0,0.0
694,0.0,18.0,9.0,1.0,0.0,0.0,1.0,1413.863,3475.52
695,0.0,17.0,11.0,1.0,0.0,0.0,1.0,165.2077,4251.127
696,0.0,17.0,10.0,1.0,0.0,0.0,1.0,0.0,275.5661
697,0.0,19.0,10.0,1.0,0.0,0.0,1.0,604.1539,0.0
698,0.0,17.0,10.0,0.0,1.0,0.0,1.0,1168.902,11306.27
699,0.0,20.0,9.0,1.0,0.0,0.0,1.0,9691.033,8562.603
700,0.0,17.0,9.0,1.0,0.0,0.0,1.0,0.0,3590.702
701,0.0,19.0,11.0,1.0,0.0,0.0,1.0,0.0,0.0
702,0.0,17.0,10.0,0.0,0.0,0.0,1.0,2465.613,4211.662
703,0.0,19.0,10.0,1.0,0.0,1.0,1.0,0.0,12797.67
704,0.0,20.0,9.0,1.0,0.0,0.0,1.0,0.0,2035.914
705,0.0,18.0,11.0,1.0,0.0,0.0,1.0,1170.327,604.2287
706,0.0,18.0,10.0,0.0,1.0,1.0,1.0,1922.625,4768.354
707,0.0,18.0,9.0,1.0,0.0,0.0,1.0,0.0,2389.679
708,0.0,18.0,11.0,1.0,0.0,0.0,1.0,0.0,0.0
709,0.0,20.0,10.0,1.0,0.0,0.0,1.0,2749.977,6867.741
710,0.0,17.0,10.0,0.0,1.0,0.0,1.0,0.0,8469.275
711,0.0,19.0,11.0,1.0,0.0,0.0,1.0,0.0,0.0
712,0.0,19.0,9.0,1.0,0.0,0.0,1.0,1537.929,4188.736
713,0.0,17.0,10.0,1.0,0.0,0.0,1.0,0.0,1143.387
714,0.0,20.0,11.0,1.0,0.0,0.0,1.0,8012.085,18155.83
715,0.0,17.0,8.0,1.0,0.0,0.0,1.0,768.8102,3020.948
716,0.0,18.0,8.0,0.0,0.0,0.0,1.0,1345.909,1725.592
717,0.0,20.0,10.0,1.0,0.0,0.0,1.0,825.2301,0.0
718,0.0,17.0,9.0,0.0,1.0,0.0,1.0,0.0,5114.814
719,0.0,17.0,9.0,1.0,0.0,0.0,1.0,1206.441,0.0
720,0.0,19.0,11.0,1.0,0.0,0.0,1.0,0.0,0.0
721,0.0,18.0,10.0,1.0,0.0,0.0,1.0,0.0,781.2243
