{'Propensity Stratification': (5.515748590080048e-05, 0.002473592758178711), 'Direct Difference': (6.0839999999999993e-05, 0.0004589557647705078), 'Adjusted Direct': (0.08352410834522206, 10.281963586807251), 'Horvitz-Thompson': (0.0001396029200645361, 0.000469207763671875), 'TMLE': (0.0021021122453256953, 20.53671145439148), 'Off-policy': (0.0016982112733995123, 10.141273021697998), 'Double-Double': (0.06911110956082543, 20.333784818649292), 'Direct Prediction': (8.032015102584175e-05, 11.172545433044434), 'FlexTENet': (18.160966884438462, 22.480194807052612), 'OffsetNet': (1.50362387751081, 7.6902244091033936), 'TNet': (0.5851235558958802, 10.710204601287842), 'TARNet': (0.046186847792985986, 10.014674663543701), 'RANet': (0.008876817635289923, 17.610331773757935)}
{'Regression Discontinuity': (3.136e-05, 0.0008831024169921875), 'Propensity Stratification': (3.521137645986838e-05, 0.0032029151916503906), 'Direct Difference': (6.400000000000005e-07, 0.0004963874816894531), 'Adjusted Direct': (0.009065393254842862, 10.551105737686157), 'Horvitz-Thompson': (1.1865608984496065e-07, 0.00044727325439453125), 'TMLE': (0.7270423316962304, 22.111018657684326), 'Off-policy': (1.9901111428941687e-05, 10.040958881378174), 'Double-Double': (0.0007982203515159152, 20.017858266830444), 'Direct Prediction': (0.05277204791669573, 10.58013653755188), 'FlexTENet': (7.35057944541666, 20.354655027389526), 'OffsetNet': (3.896146833795799, 18.2432279586792), 'TNet': (278.1868434361454, 11.540346145629883), 'TARNet': (0.28230760469399446, 10.311110258102417), 'RANet': (91.43360058238694, 19.34420156478882)}
{'Propensity Stratification': (1.0752166522831023e-05, 0.003581523895263672), 'Direct Difference': (6.760000000000004e-06, 0.00047469139099121094), 'Adjusted Direct': (1.5464622587312019e-06, 11.075236320495605), 'Horvitz-Thompson': (0.0009989850526464603, 0.0004703998565673828), 'TMLE': (0.12030133486586239, 21.625125885009766), 'Off-policy': (0.0018223157693693461, 10.303791522979736), 'Double-Double': (0.10314948596940507, 20.7751407623291), 'Direct Prediction': (0.008145844181170033, 11.413863897323608), 'FlexTENet': (7.855032844134983, 18.248406171798706), 'OffsetNet': (0.10791385332064117, 14.492658853530884), 'TNet': (0.5372810545637143, 12.551667928695679), 'TARNet': (0.029580795303733975, 5.788416385650635), 'RANet': (14.503528290068585, 21.51837134361267)}
{'Regression Discontinuity': (9.604e-05, 0.0011241436004638672), 'Propensity Stratification': (7.418511924086799e-06, 0.0033752918243408203), 'Direct Difference': (3.844e-05, 0.0004906654357910156), 'Adjusted Direct': (0.014262590788192009, 11.732409954071045), 'Horvitz-Thompson': (3.578761972345599e-05, 0.00046253204345703125), 'TMLE': (0.00011232534774607237, 21.863852500915527), 'Off-policy': (0.0019553159106935696, 12.297656536102295), 'Double-Double': (0.01702577784159595, 24.726613998413086), 'Direct Prediction': (0.09675283469887502, 11.727073907852173), 'FlexTENet': (3.5407705224920663, 18.6486496925354), 'OffsetNet': (0.08010037474886635, 8.120208024978638), 'TNet': (2.2357919011328216, 11.174293041229248), 'TARNet': (0.9023667695772378, 11.2356116771698), 'RANet': (1.4044594720253014, 16.286770343780518)}
{'Regression Discontinuity': (3.136e-05, 0.0010573863983154297), 'Propensity Stratification': (2.651545347677938e-06, 0.0034933090209960938), 'Direct Difference': (1.024e-05, 0.0004904270172119141), 'Adjusted Direct': (0.09008722262721408, 10.782358407974243), 'Horvitz-Thompson': (1.4927275630448237e-05, 0.0004572868347167969), 'TMLE': (0.1321871396317011, 23.0626437664032), 'Off-policy': (0.002249670677681092, 12.472346544265747), 'Double-Double': (0.006468350352099061, 24.577298641204834), 'Direct Prediction': (0.04630105545860566, 11.729192018508911), 'FlexTENet': (1.2375375298504336, 19.164013862609863), 'OffsetNet': (0.09787542327393274, 17.470300436019897), 'TNet': (0.00015783983117768555, 10.994903802871704), 'TARNet': (0.30259604676534985, 7.695420742034912), 'RANet': (11.895088884060307, 18.673826217651367)}
{'Propensity Stratification': (1.2604029767095288e-07, 0.003539562225341797), 'Direct Difference': (6.399999999999992e-07, 0.00048542022705078125), 'Adjusted Direct': (0.00020730940188355904, 11.277551174163818), 'Horvitz-Thompson': (2.6642470942095437e-07, 0.00045490264892578125), 'TMLE': (0.0025670503903694763, 22.668885707855225), 'Off-policy': (0.00015287623959038714, 11.14273476600647), 'Double-Double': (0.000554141836288186, 22.662657499313354), 'Direct Prediction': (0.02423769969416158, 11.569957256317139), 'FlexTENet': (0.8123897218336003, 18.881897449493408), 'OffsetNet': (1.4708983870293755, 17.9184410572052), 'TNet': (23.48132043519856, 12.85456395149231), 'TARNet': (0.10058054079626054, 7.866147994995117), 'RANet': (4.483858486514595, 17.18101143836975)}
{'Regression Discontinuity': (6.0839999999999993e-05, 0.0008494853973388672), 'Propensity Stratification': (2.369711209711362e-05, 0.00374603271484375), 'Direct Difference': (1.7639999999999997e-05, 0.0004889965057373047), 'Adjusted Direct': (0.005873003618041344, 10.867181777954102), 'Horvitz-Thompson': (4.624481623819276e-06, 0.0004849433898925781), 'TMLE': (0.08345248525825698, 23.37338662147522), 'Off-policy': (1.1154249737220531e-05, 12.41342306137085), 'Double-Double': (0.002528461158723633, 24.67496085166931), 'Direct Prediction': (0.00033166697522127666, 12.53523874282837), 'FlexTENet': (618.6174672926618, 20.82853937149048), 'OffsetNet': (0.07308771637613441, 20.311224460601807), 'TNet': (0.20251290618002288, 11.886545419692993), 'TARNet': (0.07778980627806079, 9.53279447555542), 'RANet': (2.5649603845561946, 19.86385750770569)}
{'Propensity Stratification': (6.431464740158173e-05, 0.003563404083251953), 'Direct Difference': (1.9359999999999994e-05, 0.0004744529724121094), 'Adjusted Direct': (0.0023048158112155552, 10.905647039413452), 'Horvitz-Thompson': (4.383990126669111e-05, 0.00046563148498535156), 'TMLE': (0.39177198560169924, 20.94864583015442), 'Off-policy': (0.010537327955614307, 10.2401123046875), 'Double-Double': (0.006493190120027907, 19.798125743865967), 'Direct Prediction': (0.015037849466707567, 11.486043453216553), 'FlexTENet': (0.440680556370096, 20.726932764053345), 'OffsetNet': (0.058162893095104216, 13.5715811252594), 'TNet': (1.120697543775126, 11.922289371490479), 'TARNet': (0.0019385343302385635, 10.976983547210693), 'RANet': (0.28346524017434815, 18.64924955368042)}
{'Propensity Stratification': (1.3949135293049184e-05, 0.003756284713745117), 'Direct Difference': (1.4400000000000012e-06, 0.0005328655242919922), 'Adjusted Direct': (0.016882817434856583, 11.650443077087402), 'Horvitz-Thompson': (0.0002291188630868832, 0.0004923343658447266), 'TMLE': (0.8892659764480193, 23.35694980621338), 'Off-policy': (0.004816407967897596, 12.435314655303955), 'Double-Double': (0.00029201627127582144, 24.9032461643219), 'Direct Prediction': (0.04647913050968905, 11.58737587928772), 'FlexTENet': (0.4448908790436558, 25.479948043823242), 'OffsetNet': (0.6479523407943407, 16.76854658126831), 'TNet': (0.004155017529263061, 8.150969505310059), 'TARNet': (0.04482846366940621, 10.386537790298462), 'RANet': (0.07486400509647806, 16.768791913986206)}
{'Propensity Stratification': (6.488849280458641e-05, 0.0035729408264160156), 'Direct Difference': (8.835999999999997e-05, 0.0005137920379638672), 'Adjusted Direct': (0.007814799380070904, 11.497828960418701), 'Horvitz-Thompson': (2.4074307034710333e-05, 0.0004467964172363281), 'TMLE': (0.133058746978506, 21.861299991607666), 'Off-policy': (0.011248672541830812, 12.311456203460693), 'Double-Double': (0.003443536608355434, 24.613742113113403), 'Direct Prediction': (1.1955686625933997e-05, 12.141582012176514), 'FlexTENet': (0.00645807622581825, 17.608991146087646), 'OffsetNet': (0.028586405319955484, 10.769195795059204), 'TNet': (0.41558941072710553, 9.648878812789917), 'TARNet': (0.6081608946900501, 11.9330575466156), 'RANet': (8.459192138403782, 16.815406799316406)}
{'Regression Discontinuity': (5.776e-05, 0.0011022090911865234), 'Propensity Stratification': (3.441558163019865e-05, 0.0033273696899414062), 'Direct Difference': (7.840000000000003e-06, 0.0004725456237792969), 'Adjusted Direct': (6.264520194847306, 11.2756028175354), 'Horvitz-Thompson': (7.529693080354844e-07, 0.00044417381286621094), 'TMLE': (0.7590925279450665, 22.090073108673096), 'Off-policy': (0.009555466538162355, 13.175188064575195), 'Double-Double': (0.01008762604348333, 25.72778558731079), 'Direct Prediction': (0.16071834624936168, 11.410951137542725), 'FlexTENet': (0.004991978149061528, 17.2050998210907), 'OffsetNet': (0.16761307507351955, 18.577446699142456), 'TNet': (0.0054694182769716064, 10.11294174194336), 'TARNet': (0.1692067649245919, 6.443536043167114), 'RANet': (0.16272695425790049, 17.54612922668457)}
{'Propensity Stratification': (5.107127789712719e-05, 0.0030426979064941406), 'Direct Difference': (6.399999999999992e-07, 0.00046825408935546875), 'Adjusted Direct': (0.009576459045303192, 11.150756120681763), 'Horvitz-Thompson': (7.889858985624519e-07, 0.00044608116149902344), 'TMLE': (0.07783365091218397, 23.122055292129517), 'Off-policy': (0.0028933311021847297, 12.192023992538452), 'Double-Double': (0.001852730344194877, 25.79276180267334), 'Direct Prediction': (0.11821835648186116, 11.889066219329834), 'FlexTENet': (0.8152414305020853, 17.365747213363647), 'OffsetNet': (0.09791281900216614, 11.179576396942139), 'TNet': (0.3284524378377331, 12.121867656707764), 'TARNet': (1.0174210407604574, 8.913100719451904), 'RANet': (0.09786336305202206, 18.797245264053345)}
{'Propensity Stratification': (1.5405990769142157e-06, 0.00339508056640625), 'Direct Difference': (2.5599999999999996e-06, 0.0004730224609375), 'Adjusted Direct': (1.3057098802744876e-07, 11.12667465209961), 'Horvitz-Thompson': (4.284771783138335e-05, 0.00047135353088378906), 'TMLE': (0.10391628190861937, 22.34420418739319), 'Off-policy': (0.011038403853352953, 10.825575828552246), 'Double-Double': (0.017020122065163186, 22.11300277709961), 'Direct Prediction': (0.19507473359408317, 10.191947221755981), 'FlexTENet': (45.47703466426137, 21.083780527114868), 'OffsetNet': (0.7683050898716686, 19.497875690460205), 'TNet': (0.0011029620336791275, 6.6273722648620605), 'TARNet': (0.001217864185941261, 6.614799499511719), 'RANet': (0.29713674149492497, 15.750464677810669)}
{'Regression Discontinuity': (7.396e-05, 0.0010440349578857422), 'Propensity Stratification': (3.813974086457398e-05, 0.0031843185424804688), 'Direct Difference': (3.844000000000001e-05, 0.00046706199645996094), 'Adjusted Direct': (0.35133870703553555, 11.39724087715149), 'Horvitz-Thompson': (4.717560617380807e-05, 0.0004496574401855469), 'TMLE': (0.32102904014746764, 23.936580181121826), 'Off-policy': (0.026061434088516897, 11.242503881454468), 'Double-Double': (1.791058706941828e-05, 21.957067489624023), 'Direct Prediction': (0.06666570521527528, 12.11280107498169), 'FlexTENet': (3.848052082866562, 20.39428210258484), 'OffsetNet': (0.005088099638539064, 20.516578435897827), 'TNet': (0.24561958497716332, 7.7255859375), 'TARNet': (0.0819966857302826, 11.741646766662598), 'RANet': (0.5518226721339945, 15.08151388168335)}
{'Regression Discontinuity': (7.84e-06, 0.0010287761688232422), 'Propensity Stratification': (1.6909591478406686e-05, 0.0021975040435791016), 'Direct Difference': (3.136e-05, 0.0004711151123046875), 'Adjusted Direct': (0.09175287467729518, 11.55004358291626), 'Horvitz-Thompson': (6.2562638830594245e-06, 0.00045490264892578125), 'TMLE': (212.35606708323118, 22.930654764175415), 'Off-policy': (0.005723178134971734, 10.763520240783691), 'Double-Double': (0.0015273957674766033, 20.73442053794861), 'Direct Prediction': (0.10162204841572856, 11.091125249862671), 'FlexTENet': (0.0062461702680679295, 18.806639909744263), 'OffsetNet': (0.11724396580782964, 16.130542278289795), 'TNet': (0.18600089542522907, 11.297091722488403), 'TARNet': (0.12864045902560503, 7.492084980010986), 'RANet': (0.01745504105612196, 18.664111375808716)}
{'Regression Discontinuity': (2.3039999999999996e-05, 0.0010857582092285156), 'Propensity Stratification': (2.672664005852941e-05, 0.0031404495239257812), 'Direct Difference': (0.0, 0.0004897117614746094), 'Adjusted Direct': (0.003980159218319434, 10.745468854904175), 'Horvitz-Thompson': (3.474144498167132e-05, 0.00046515464782714844), 'TMLE': (0.0634400272742857, 22.477452516555786), 'Off-policy': (0.0018085625401141107, 11.972989559173584), 'Double-Double': (0.0008684219317912016, 24.572454690933228), 'Direct Prediction': (0.2414363488215536, 10.79570746421814), 'FlexTENet': (6.650023151572254, 18.736459493637085), 'OffsetNet': (0.013025729363860634, 22.527852296829224), 'TNet': (0.10702479902677813, 9.696501016616821), 'TARNet': (0.5622161117728423, 11.15439510345459), 'RANet': (3.4656422924604544, 18.931460857391357)}
{'Regression Discontinuity': (7.84e-06, 0.004560232162475586), 'Propensity Stratification': (2.7896431127633206e-05, 0.002599954605102539), 'Direct Difference': (4.6239999999999984e-05, 0.0005831718444824219), 'Adjusted Direct': (0.0014669474997613342, 11.33425521850586), 'Horvitz-Thompson': (6.639585044181964e-05, 0.00046181678771972656), 'TMLE': (0.0038123880019354187, 24.700278759002686), 'Off-policy': (0.012322206755194522, 12.930362224578857), 'Double-Double': (0.06112580065869557, 25.233180046081543), 'Direct Prediction': (0.2755525818381681, 12.285223245620728), 'FlexTENet': (0.45858906519398085, 16.052534103393555), 'OffsetNet': (1.7069371883529036, 18.764260292053223), 'TNet': (1.8573125823472834, 9.528765201568604), 'TARNet': (0.34714810876258817, 8.679821252822876), 'RANet': (0.6058856689483892, 17.166125297546387)}
{'Regression Discontinuity': (2.9160000000000002e-05, 0.0010197162628173828), 'Propensity Stratification': (7.961588660506073e-08, 0.0023317337036132812), 'Direct Difference': (3.599999999999998e-07, 0.00046896934509277344), 'Adjusted Direct': (0.0012764464674605049, 12.019873857498169), 'Horvitz-Thompson': (1.554437191939644e-05, 0.00046753883361816406), 'TMLE': (0.3544511673457999, 24.11667251586914), 'Off-policy': (0.004841601721410213, 12.220004320144653), 'Double-Double': (0.003985144552291371, 23.39941096305847), 'Direct Prediction': (0.021475592764004393, 11.18622875213623), 'FlexTENet': (0.061824829879551166, 19.926153421401978), 'OffsetNet': (0.008350515846827193, 14.279217004776001), 'TNet': (0.0179510367664174, 10.931520462036133), 'TARNet': (0.034927372342283165, 10.241002798080444), 'RANet': (1.7849553087324175, 19.22475576400757)}
{'Propensity Stratification': (8.531872164612789e-10, 0.0036737918853759766), 'Direct Difference': (2.5599999999999996e-06, 0.0004703998565673828), 'Adjusted Direct': (0.004567125581319808, 11.088182210922241), 'Horvitz-Thompson': (3.749672114640586e-05, 0.0004673004150390625), 'TMLE': (0.01979839840889469, 21.370357036590576), 'Off-policy': (0.012164178686525376, 11.352975845336914), 'Double-Double': (0.01909462880615867, 21.84843158721924), 'Direct Prediction': (0.020724694673363367, 13.035955667495728), 'FlexTENet': (9.091784511408054, 21.04141664505005), 'OffsetNet': (0.1789254482046914, 19.098917961120605), 'TNet': (0.3219036460549234, 11.381741285324097), 'TARNet': (0.048757661622833, 5.032583713531494), 'RANet': (1.3595461607363382, 17.806275367736816)}
{'Regression Discontinuity': (6.0839999999999993e-05, 0.0009467601776123047), 'Propensity Stratification': (3.663120995451876e-06, 0.003403186798095703), 'Direct Difference': (1.4439999999999997e-05, 0.0004951953887939453), 'Adjusted Direct': (0.0032103895165578895, 12.008894681930542), 'Horvitz-Thompson': (8.06661586113431e-06, 0.0004572868347167969), 'TMLE': (0.004396300923382249, 23.96160364151001), 'Off-policy': (0.00011149914907844924, 10.849063396453857), 'Double-Double': (0.005465258457147146, 20.786381006240845), 'Direct Prediction': (0.6403077385530783, 11.35811710357666), 'FlexTENet': (2.6437105648538, 23.920440673828125), 'OffsetNet': (0.6955683849920358, 15.772194385528564), 'TNet': (0.34725364898210737, 11.042100667953491), 'TARNet': (0.05045631889376209, 7.236329555511475), 'RANet': (0.045117926176693336, 19.557264804840088)}
{'Propensity Stratification': (1.149798654934842e-05, 0.0026345252990722656), 'Direct Difference': (1.6000000000000014e-07, 0.0004916191101074219), 'Adjusted Direct': (0.0016271794922971185, 12.126572847366333), 'Horvitz-Thompson': (6.539494430396855e-06, 0.0005087852478027344), 'TMLE': (0.1053929417695605, 23.427891731262207), 'Off-policy': (0.012746894800750877, 10.964455842971802), 'Double-Double': (0.0008551092255558454, 22.345686197280884), 'Direct Prediction': (4.26601967616577e-06, 10.79855489730835), 'FlexTENet': (1.463343529249447, 21.76653790473938), 'OffsetNet': (0.029302386156881462, 10.600450038909912), 'TNet': (0.5777128114846535, 9.80474042892456), 'TARNet': (0.1473429232978745, 6.019348859786987), 'RANet': (0.02074498603878439, 17.520212173461914)}
{'Propensity Stratification': (9.145351269363578e-05, 0.0028562545776367188), 'Direct Difference': (9e-06, 0.0004642009735107422), 'Adjusted Direct': (0.0009760635841305179, 11.386345148086548), 'Horvitz-Thompson': (0.0003899081367921713, 0.00047397613525390625), 'TMLE': (1.0168582616224209, 22.71313977241516), 'Off-policy': (0.007732334403981236, 10.873152494430542), 'Double-Double': (0.0006325826291220663, 22.018893241882324), 'Direct Prediction': (0.003477559789768368, 12.54343032836914), 'FlexTENet': (0.30216345007885825, 18.61527991294861), 'OffsetNet': (0.19060044303237086, 10.610241889953613), 'TNet': (0.000493674142265791, 10.167503595352173), 'TARNet': (0.6851316929547152, 11.351785659790039), 'RANet': (22.831894046889772, 18.929943323135376)}
{'Propensity Stratification': (1.3921175815359204e-05, 0.0036973953247070312), 'Direct Difference': (3.599999999999998e-07, 0.0004673004150390625), 'Adjusted Direct': (0.09137337258117262, 10.894243478775024), 'Horvitz-Thompson': (1.0615280168147399e-05, 0.00047898292541503906), 'TMLE': (6.241532342344621, 22.344380855560303), 'Off-policy': (0.001884555987440144, 11.32753324508667), 'Double-Double': (0.007109884524617366, 24.41449213027954), 'Direct Prediction': (0.15951939842565485, 11.121755361557007), 'FlexTENet': (0.0725939081732667, 18.665621757507324), 'OffsetNet': (0.04809546129846267, 16.645702362060547), 'TNet': (0.06338329944494524, 8.88580870628357), 'TARNet': (10.778625271916304, 11.400931596755981), 'RANet': (0.047215413229118174, 14.970492362976074)}
{'Regression Discontinuity': (1.444e-05, 0.0008721351623535156), 'Propensity Stratification': (8.619924241791721e-05, 0.002725362777709961), 'Direct Difference': (3.24e-06, 0.00048613548278808594), 'Adjusted Direct': (0.05559421830246221, 11.05560564994812), 'Horvitz-Thompson': (3.548499265131352e-08, 0.0004627704620361328), 'TMLE': (0.33654322774366363, 22.181658506393433), 'Off-policy': (0.007947927435306234, 12.53380298614502), 'Double-Double': (0.003038601494088127, 24.270294427871704), 'Direct Prediction': (0.0001639259035529884, 10.297359704971313), 'FlexTENet': (6.13548250720325, 21.37620449066162), 'OffsetNet': (0.006432256128400555, 13.041618347167969), 'TNet': (0.3186334669388143, 11.48629117012024), 'TARNet': (18.984402863632926, 10.735264778137207), 'RANet': (0.06702591379229816, 16.060751914978027)}
{'Regression Discontinuity': (3.3639999999999996e-05, 0.0008769035339355469), 'Propensity Stratification': (6.534324466675453e-06, 0.0033478736877441406), 'Direct Difference': (1.9600000000000007e-06, 0.0004787445068359375), 'Adjusted Direct': (0.0053295220356901415, 11.34169864654541), 'Horvitz-Thompson': (3.769497116312627e-07, 0.0004470348358154297), 'TMLE': (1.0559885497251178, 21.34039807319641), 'Off-policy': (0.002513533034402523, 10.335488080978394), 'Double-Double': (0.0030570196921708695, 20.18050765991211), 'Direct Prediction': (0.08442146861011962, 11.160536766052246), 'FlexTENet': (6.136403011183501, 19.020753145217896), 'OffsetNet': (0.010641729437475031, 13.953102588653564), 'TNet': (0.03357329535971838, 6.5903284549713135), 'TARNet': (0.06217375177329202, 10.002200603485107), 'RANet': (20.54410123113427, 13.844834566116333)}
{'Propensity Stratification': (6.180685372173884e-05, 0.0023603439331054688), 'Direct Difference': (2.9160000000000002e-05, 0.0004794597625732422), 'Adjusted Direct': (0.026153533273972986, 10.474198341369629), 'Horvitz-Thompson': (0.00013395987206262926, 0.0004494190216064453), 'TMLE': (0.5087489522721788, 22.863588571548462), 'Off-policy': (1.5808166824708106e-05, 10.751956939697266), 'Double-Double': (5.098457384123725e-05, 19.776834726333618), 'Direct Prediction': (0.5194708681464917, 9.206365823745728), 'FlexTENet': (0.3975225618017943, 18.378656148910522), 'OffsetNet': (2.3699022630651613e-05, 19.398847103118896), 'TNet': (0.004545783882607809, 8.765464305877686), 'TARNet': (4.5744131776626995, 8.945495367050171), 'RANet': (0.038753998214438784, 17.472254753112793)}
{'Regression Discontinuity': (1.936e-05, 0.0010941028594970703), 'Propensity Stratification': (2.1785866721075687e-06, 0.0030753612518310547), 'Direct Difference': (5.760000000000001e-06, 0.0004684925079345703), 'Adjusted Direct': (6.722449860883211, 11.415650844573975), 'Horvitz-Thompson': (2.7132924886945493e-05, 0.0004429817199707031), 'TMLE': (0.2763053633750185, 22.122864246368408), 'Off-policy': (0.0003766859582029364, 13.788995742797852), 'Double-Double': (0.006091487321839529, 25.163992404937744), 'Direct Prediction': (0.07465609936716551, 10.760416507720947), 'FlexTENet': (2.869032299340791, 19.61386513710022), 'OffsetNet': (0.03769138187366865, 14.979750156402588), 'TNet': (0.09486351249414135, 8.474365472793579), 'TARNet': (1.6098855192943295, 12.925892114639282), 'RANet': (0.05362689654853064, 16.089497804641724)}
{'Regression Discontinuity': (4.9000000000000005e-05, 0.0009174346923828125), 'Propensity Stratification': (2.660071402600876e-06, 0.0025997161865234375), 'Direct Difference': (1.959999999999998e-06, 0.0004601478576660156), 'Adjusted Direct': (0.06158397624892848, 10.184544801712036), 'Horvitz-Thompson': (6.807900350196351e-05, 0.0004839897155761719), 'TMLE': (0.03255285350984019, 22.631396770477295), 'Off-policy': (0.00035897463601209365, 11.101220846176147), 'Double-Double': (0.019224431455640876, 21.085423469543457), 'Direct Prediction': (0.33976617575762397, 11.709572315216064), 'FlexTENet': (302.0990453671375, 19.68827509880066), 'OffsetNet': (2.0831027834182785, 19.724243879318237), 'TNet': (0.027138711324755094, 8.352919101715088), 'TARNet': (0.551395174350454, 6.447214603424072), 'RANet': (0.41444235646141225, 16.17111873626709)}
{'Propensity Stratification': (2.5083129076395538e-05, 0.0027158260345458984), 'Direct Difference': (3.600000000000002e-05, 0.0004780292510986328), 'Adjusted Direct': (0.004605784935862164, 10.246083736419678), 'Horvitz-Thompson': (8.134700687906448e-05, 0.0004794597625732422), 'TMLE': (0.020057509572493522, 23.257638692855835), 'Off-policy': (0.0017014264828086373, 10.92561960220337), 'Double-Double': (0.01526285688724685, 19.82808542251587), 'Direct Prediction': (0.010450657627337531, 11.89363956451416), 'FlexTENet': (0.04801319502985705, 17.63839840888977), 'OffsetNet': (11.103014151469878, 8.2069673538208), 'TNet': (0.03168058391109136, 11.226472616195679), 'TARNet': (0.06208974750767059, 8.969537258148193), 'RANet': (2.5848930322007537, 18.876296520233154)}
{'Regression Discontinuity': (8.099999999999999e-05, 0.0008957386016845703), 'Propensity Stratification': (6.488777468271833e-05, 0.0034792423248291016), 'Direct Difference': (5.475999999999999e-05, 0.0004799365997314453), 'Adjusted Direct': (0.002295327273488323, 10.752630472183228), 'Horvitz-Thompson': (0.00038498567271010335, 0.0004572868347167969), 'TMLE': (0.13639193662017035, 22.82602882385254), 'Off-policy': (0.00750772392551477, 11.274727821350098), 'Double-Double': (0.008432681249682704, 24.18059277534485), 'Direct Prediction': (0.1324174471512647, 12.051504135131836), 'FlexTENet': (0.6124575078285666, 21.088543176651), 'OffsetNet': (9.908121617962238e-05, 18.05548858642578), 'TNet': (0.0010127457911105083, 10.755892038345337), 'TARNet': (0.6206104500021069, 9.748911619186401), 'RANet': (0.0995092160587595, 18.112403392791748)}
{'Propensity Stratification': (0.00011650911705742611, 0.002547025680541992), 'Direct Difference': (4.3559999999999976e-05, 0.00046181678771972656), 'Adjusted Direct': (0.0009317120302579558, 12.17834186553955), 'Horvitz-Thompson': (5.8138306275212384e-05, 0.0004417896270751953), 'TMLE': (0.003939802626189326, 22.997896909713745), 'Off-policy': (0.0004770805273563613, 9.442117929458618), 'Double-Double': (0.008346316951337232, 20.786247730255127), 'Direct Prediction': (0.008341173972650918, 12.475811004638672), 'FlexTENet': (152.26853165862576, 20.212945699691772), 'OffsetNet': (1.6375733704054138, 10.609944343566895), 'TNet': (2.419027019888293e-05, 9.186196327209473), 'TARNet': (0.03924442254262944, 10.777040958404541), 'RANet': (0.7800008034897534, 16.8220636844635)}
{'Propensity Stratification': (9.908197181931309e-05, 0.0034949779510498047), 'Direct Difference': (3.844e-05, 0.0004754066467285156), 'Adjusted Direct': (0.009679617772687147, 10.865755796432495), 'Horvitz-Thompson': (6.546829231179073e-05, 0.0004482269287109375), 'TMLE': (0.06304136450551681, 22.842509746551514), 'Off-policy': (0.058096094448022904, 10.740352869033813), 'Double-Double': (0.0017642303925443227, 21.6319317817688), 'Direct Prediction': (0.03012126124928608, 11.231536626815796), 'FlexTENet': (0.6934415766260156, 19.17709517478943), 'OffsetNet': (0.045820360020522, 17.72736430168152), 'TNet': (0.08631857838565651, 8.232140302658081), 'TARNet': (0.24324709726462554, 9.758097648620605), 'RANet': (0.07755215281257884, 11.291983366012573)}
{'Regression Discontinuity': (4.624e-05, 0.0008828639984130859), 'Propensity Stratification': (4.6024052895533384e-05, 0.002817392349243164), 'Direct Difference': (5.184000000000001e-05, 0.0004794597625732422), 'Adjusted Direct': (0.0011711670145890848, 12.374230861663818), 'Horvitz-Thompson': (1.7522387840980373e-05, 0.00045609474182128906), 'TMLE': (0.18265134601954236, 21.060222387313843), 'Off-policy': (0.00016118547937924216, 11.100820302963257), 'Double-Double': (0.0005278491401691992, 24.296534299850464), 'Direct Prediction': (0.18155271175776122, 12.661509037017822), 'FlexTENet': (0.43873184602786397, 19.267817497253418), 'OffsetNet': (0.6472027629291144, 12.811414003372192), 'TNet': (0.12437349299684505, 11.133473634719849), 'TARNet': (1.1427927349344467, 8.603124856948853), 'RANet': (295.81995946293875, 20.513615369796753)}
{'Regression Discontinuity': (3.6e-05, 0.0011110305786132812), 'Propensity Stratification': (5.881961284438758e-06, 0.0031354427337646484), 'Direct Difference': (4.096e-05, 0.00048613548278808594), 'Adjusted Direct': (0.004051059698438314, 10.8867826461792), 'Horvitz-Thompson': (2.913362957446859e-06, 0.00044155120849609375), 'TMLE': (1.513739855313364, 23.19261360168457), 'Off-policy': (0.0034927687895122766, 9.336411476135254), 'Double-Double': (0.0015838630827809171, 21.901002168655396), 'Direct Prediction': (0.0643742558674634, 11.81912875175476), 'FlexTENet': (0.001881118966074928, 21.293470859527588), 'OffsetNet': (0.0634075839759606, 17.338531494140625), 'TNet': (0.005220059830010279, 7.9974963665008545), 'TARNet': (0.3370613457087446, 13.081284046173096), 'RANet': (2.6203328243709816, 14.678261756896973)}
{'Propensity Stratification': (0.00011470436524176963, 0.0027205944061279297), 'Direct Difference': (3.5999999999999994e-05, 0.0004658699035644531), 'Adjusted Direct': (0.016835799356691244, 12.454196214675903), 'Horvitz-Thompson': (9.200099769564673e-05, 0.00045990943908691406), 'TMLE': (0.024867550064523024, 21.918842554092407), 'Off-policy': (0.0033514771452948003, 10.87872862815857), 'Double-Double': (0.0013482813024502927, 20.681797981262207), 'Direct Prediction': (0.017390855248820974, 10.116779565811157), 'FlexTENet': (0.23887422254873153, 20.249449014663696), 'OffsetNet': (1.1427236943478176, 7.893819332122803), 'TNet': (0.020653011754383076, 6.53230094909668), 'TARNet': (0.0774390674997649, 9.049438714981079), 'RANet': (0.34056112545076567, 16.36435890197754)}
{'Propensity Stratification': (3.4566158291513996e-08, 0.0034143924713134766), 'Direct Difference': (5.760000000000001e-06, 0.0004744529724121094), 'Adjusted Direct': (0.0026917143767468824, 10.572359800338745), 'Horvitz-Thompson': (5.980348677091693e-05, 0.0004506111145019531), 'TMLE': (0.18552828403407381, 19.838719367980957), 'Off-policy': (0.021354659444007117, 13.068361520767212), 'Double-Double': (0.0002926046592283063, 25.316171169281006), 'Direct Prediction': (0.36375504222257443, 12.815837144851685), 'FlexTENet': (0.8055370566643268, 22.212247848510742), 'OffsetNet': (0.0691864324579922, 13.051697969436646), 'TNet': (0.8921589759833151, 9.188291072845459), 'TARNet': (0.008433239701383509, 11.896262168884277), 'RANet': (35.74854422942175, 17.453937768936157)}
{'Regression Discontinuity': (6.0839999999999993e-05, 0.0009729862213134766), 'Propensity Stratification': (1.560368770545606e-05, 0.0021889209747314453), 'Direct Difference': (9e-06, 0.00045299530029296875), 'Adjusted Direct': (0.01378572703156369, 10.512916803359985), 'Horvitz-Thompson': (8.709815165539156e-06, 0.000469207763671875), 'TMLE': (0.03283914123996, 23.217047929763794), 'Off-policy': (0.0502020279284829, 11.384981632232666), 'Double-Double': (0.029717575419681765, 25.318718194961548), 'Direct Prediction': (0.0030376658528257572, 9.207193613052368), 'FlexTENet': (0.3594909669637975, 19.059149742126465), 'OffsetNet': (0.17851672751518188, 20.566990613937378), 'TNet': (3.0082798797837613, 9.75654149055481), 'TARNet': (0.7274655763016203, 8.613341331481934), 'RANet': (0.39419432390079634, 16.135557889938354)}
{'Regression Discontinuity': (7.744e-05, 0.001088857650756836), 'Propensity Stratification': (2.02917122319918e-05, 0.0028095245361328125), 'Direct Difference': (4.6239999999999984e-05, 0.00045943260192871094), 'Adjusted Direct': (0.0012740337290825816, 10.650386571884155), 'Horvitz-Thompson': (1.238005934624931e-05, 0.00047659873962402344), 'TMLE': (0.04986648811801995, 24.012605667114258), 'Off-policy': (0.004076852223644437, 9.644508838653564), 'Double-Double': (1.9779142238481323e-05, 20.444448947906494), 'Direct Prediction': (0.4100037142974621, 9.273723125457764), 'FlexTENet': (17.827849696888812, 22.322348833084106), 'OffsetNet': (3.748739312019395, 19.76883625984192), 'TNet': (0.002549285181347501, 11.78109097480774), 'TARNet': (11.271641478213233, 8.5148024559021), 'RANet': (0.1404591766015168, 17.32033896446228)}
{'Regression Discontinuity': (5.184e-05, 0.0008625984191894531), 'Propensity Stratification': (1.1599604510837934e-05, 0.0028362274169921875), 'Direct Difference': (2.704e-05, 0.00048232078552246094), 'Adjusted Direct': (0.00229057702297673, 10.886715173721313), 'Horvitz-Thompson': (5.185777067196327e-05, 0.0004601478576660156), 'TMLE': (0.07455729939560816, 23.197001695632935), 'Off-policy': (5.450453505418789e-05, 12.879932880401611), 'Double-Double': (0.002204194300983572, 24.003552436828613), 'Direct Prediction': (0.07275360001192478, 11.06465768814087), 'FlexTENet': (0.05342081819895459, 17.70907235145569), 'OffsetNet': (1.06980947695301, 10.56724762916565), 'TNet': (68.65480919853644, 11.966416120529175), 'TARNet': (0.6553166529528336, 10.66858983039856), 'RANet': (13.895222873834667, 15.318484783172607)}
{'Propensity Stratification': (2.181747175707439e-06, 0.003791332244873047), 'Direct Difference': (6.400000000000005e-07, 0.00048041343688964844), 'Adjusted Direct': (1.6216428605887263, 11.003287553787231), 'Horvitz-Thompson': (0.00040717688808833896, 0.0004553794860839844), 'TMLE': (0.07998710179009055, 22.966614484786987), 'Off-policy': (0.022804877834242343, 11.169958591461182), 'Double-Double': (0.06979899408012598, 19.061028480529785), 'Direct Prediction': (0.036699149599458074, 11.181593418121338), 'FlexTENet': (0.6579701739733044, 19.306412935256958), 'OffsetNet': (0.17117740534302817, 8.846667289733887), 'TNet': (0.48226904963234035, 11.955978155136108), 'TARNet': (0.02642911181643818, 5.347416400909424), 'RANet': (1.7572164254600613, 17.595449924468994)}
{'Propensity Stratification': (7.877217292028664e-06, 0.00337982177734375), 'Direct Difference': (2.5e-05, 0.00048279762268066406), 'Adjusted Direct': (0.09417317153056269, 11.517117261886597), 'Horvitz-Thompson': (2.0819082072752306e-05, 0.00045037269592285156), 'TMLE': (0.16094410100652115, 24.901052474975586), 'Off-policy': (4.672033782322087e-06, 11.351027250289917), 'Double-Double': (6.82306027216691e-05, 21.009260892868042), 'Direct Prediction': (0.028376380981795752, 11.437787294387817), 'FlexTENet': (5.2201872203045365, 18.782158136367798), 'OffsetNet': (0.06873597700435305, 7.163375616073608), 'TNet': (0.7858202708906329, 8.833532571792603), 'TARNet': (0.015577080955376674, 10.117827653884888), 'RANet': (56.22142961983162, 17.920587062835693)}
{'Propensity Stratification': (4.612454671790604e-05, 0.00383758544921875), 'Direct Difference': (6.0839999999999993e-05, 0.0005016326904296875), 'Adjusted Direct': (5.522845720256466e-07, 11.100340366363525), 'Horvitz-Thompson': (6.591650281120177e-05, 0.0004532337188720703), 'TMLE': (0.00040104170637445376, 24.5354163646698), 'Off-policy': (0.00044234576429264195, 9.458078384399414), 'Double-Double': (0.0015977615470681417, 20.64059281349182), 'Direct Prediction': (0.1789049894593048, 11.167213201522827), 'FlexTENet': (0.04949979514373639, 21.545328855514526), 'OffsetNet': (0.0023164056040808766, 18.355151891708374), 'TNet': (0.32863258687481633, 10.510933637619019), 'TARNet': (1.6513338594467848, 9.771525382995605), 'RANet': (0.10654799140127032, 13.899966716766357)}
{'Regression Discontinuity': (7.396e-05, 0.001256704330444336), 'Propensity Stratification': (3.6506072750307154e-05, 0.0033533573150634766), 'Direct Difference': (1e-06, 0.00046539306640625), 'Adjusted Direct': (0.04190566174497625, 11.69583535194397), 'Horvitz-Thompson': (0.0001882388175069597, 0.0004711151123046875), 'TMLE': (7.840413839650456e-05, 23.138628005981445), 'Off-policy': (0.0033017574900211758, 11.527967691421509), 'Double-Double': (0.004827872612543489, 19.38894557952881), 'Direct Prediction': (0.4305726979318898, 13.703020572662354), 'FlexTENet': (1.293702144265904, 18.09079122543335), 'OffsetNet': (0.09818427882932011, 9.519626379013062), 'TNet': (0.06430376889560334, 7.668152570724487), 'TARNet': (2.5913784398742243, 13.021531343460083), 'RANet': (0.03680355617509105, 16.73976421356201)}
{'Regression Discontinuity': (2.5e-05, 0.0008616447448730469), 'Propensity Stratification': (2.669216637682233e-06, 0.0027348995208740234), 'Direct Difference': (3.239999999999998e-06, 0.0004506111145019531), 'Adjusted Direct': (0.03527317981021566, 11.353031873703003), 'Horvitz-Thompson': (2.863967962941183e-05, 0.0004601478576660156), 'TMLE': (0.15531361643752523, 22.43843913078308), 'Off-policy': (0.0011788144569701783, 13.810319423675537), 'Double-Double': (0.0006021281522734565, 25.43988060951233), 'Direct Prediction': (0.3405876258052922, 9.61110234260559), 'FlexTENet': (2.0266466981690465, 19.02291488647461), 'OffsetNet': (0.3189602811999657, 17.733793258666992), 'TNet': (0.02647439891008819, 9.320276975631714), 'TARNet': (9.950389853517479e-05, 11.21038269996643), 'RANet': (26.527558810156464, 17.51605486869812)}
{'Propensity Stratification': (1.3161728065493748e-06, 0.0025436878204345703), 'Direct Difference': (6.76e-06, 0.00046944618225097656), 'Adjusted Direct': (0.000229293104443008, 11.160027027130127), 'Horvitz-Thompson': (7.63076800056029e-05, 0.0004475116729736328), 'TMLE': (0.11758533882057229, 20.25382161140442), 'Off-policy': (2.387104469789332e-05, 13.667590379714966), 'Double-Double': (0.0013658812294039474, 24.711020469665527), 'Direct Prediction': (0.007629835066302559, 11.218782663345337), 'FlexTENet': (10.574809939433667, 18.028593063354492), 'OffsetNet': (0.053888917893110205, 13.57205319404602), 'TNet': (0.4628736206059504, 14.159740924835205), 'TARNet': (0.003034601831103761, 7.217969655990601), 'RANet': (0.7018390678398271, 17.58141303062439)}
{'Propensity Stratification': (9.761763591803162e-05, 0.0034530162811279297), 'Direct Difference': (5.776e-05, 0.0004830360412597656), 'Adjusted Direct': (0.02107966603750604, 10.958436012268066), 'Horvitz-Thompson': (7.812010594203136e-05, 0.0004608631134033203), 'TMLE': (3.710888783611592e-05, 23.192646026611328), 'Off-policy': (0.005702187909464454, 11.21415638923645), 'Double-Double': (0.000184180280234585, 20.641849756240845), 'Direct Prediction': (0.08286117286994372, 9.515872716903687), 'FlexTENet': (5.109362180195606, 19.36332392692566), 'OffsetNet': (0.020052224811167484, 17.872849702835083), 'TNet': (0.9531227726951127, 7.932820796966553), 'TARNet': (0.21968520867213479, 9.091520071029663), 'RANet': (4.166275110202055, 15.568670511245728)}
{'Regression Discontinuity': (2.5e-05, 0.0010857582092285156), 'Propensity Stratification': (2.3789348832332333e-06, 0.0029654502868652344), 'Direct Difference': (3.239999999999998e-06, 0.00046181678771972656), 'Adjusted Direct': (0.0025866052466681695, 10.908826351165771), 'Horvitz-Thompson': (8.883622320692694e-06, 0.0004355907440185547), 'TMLE': (0.20945223398270463, 22.71550750732422), 'Off-policy': (0.00039655139336535286, 11.344530820846558), 'Double-Double': (0.00656656603922883, 24.921245336532593), 'Direct Prediction': (0.1759432942086558, 11.675107717514038), 'FlexTENet': (0.1768420106189044, 20.540566444396973), 'OffsetNet': (0.0770850012373254, 16.273318767547607), 'TNet': (0.0005426363319168886, 8.054450511932373), 'TARNet': (0.0030435999030255408, 9.58865213394165), 'RANet': (9.067482343698792, 15.854735851287842)}
{'Regression Discontinuity': (4.3559999999999996e-05, 0.0010790824890136719), 'Propensity Stratification': (3.496020067388907e-06, 0.002552509307861328), 'Direct Difference': (3.999999999999986e-08, 0.0004825592041015625), 'Adjusted Direct': (0.00030868002944254674, 11.477316617965698), 'Horvitz-Thompson': (2.694514352816162e-05, 0.0004687309265136719), 'TMLE': (0.0006102531062407969, 27.50495934486389), 'Off-policy': (0.0017011147803551706, 14.827458620071411), 'Double-Double': (0.0002219499174371446, 28.088086128234863), 'Direct Prediction': (0.006214763886496029, 17.463727951049805), 'FlexTENet': (302.15986950477884, 22.433228254318237), 'OffsetNet': (0.8046314152329397, 6.822269916534424), 'TNet': (0.011803750492858528, 12.43105959892273), 'TARNet': (1.6879546119433935, 19.41005253791809), 'RANet': (0.02680941690308575, 20.216796398162842)}
{'Propensity Stratification': (5.104531656694252e-05, 0.003246784210205078), 'Direct Difference': (2.9160000000000002e-05, 0.0004863739013671875), 'Adjusted Direct': (0.0007847464170756617, 15.399195194244385), 'Horvitz-Thompson': (7.854620097665137e-05, 0.0004570484161376953), 'TMLE': (0.014337946708371834, 31.105303525924683), 'Off-policy': (0.005392029970253194, 13.264528274536133), 'Double-Double': (1.1891336761797973e-05, 28.272157430648804), 'Direct Prediction': (0.21562106659972693, 15.811207294464111), 'FlexTENet': (0.05891675228250014, 21.713005542755127), 'OffsetNet': (0.14792110657625487, 17.408337593078613), 'TNet': (0.12921368941166325, 14.301040887832642), 'TARNet': (0.008319515822823297, 8.471053838729858), 'RANet': (0.6121395987570725, 23.641599893569946)}
{'Propensity Stratification': (1.527029856282272e-05, 0.003487110137939453), 'Direct Difference': (2.56e-06, 0.0004761219024658203), 'Adjusted Direct': (0.0029405686025237906, 14.152385711669922), 'Horvitz-Thompson': (3.3576654411780353e-06, 0.0004703998565673828), 'TMLE': (0.25025876734437885, 27.674230098724365), 'Off-policy': (0.0037260914200393925, 17.078227996826172), 'Double-Double': (0.007756211015594954, 28.731407165527344), 'Direct Prediction': (0.07347258841164664, 14.387820959091187), 'FlexTENet': (0.038280682552236496, 23.00446629524231), 'OffsetNet': (3.0926345830866904, 24.735450983047485), 'TNet': (28.059772887974574, 11.24210000038147), 'TARNet': (2.3212587869922703, 9.288553714752197), 'RANet': (10.07009551356708, 16.18885374069214)}
{'Regression Discontinuity': (3.844e-05, 0.0011088848114013672), 'Propensity Stratification': (2.81394279739129e-06, 0.0030782222747802734), 'Direct Difference': (1.4440000000000004e-05, 0.0005164146423339844), 'Adjusted Direct': (0.07511897489325915, 13.765137672424316), 'Horvitz-Thompson': (2.9127558383907456e-07, 0.0004639625549316406), 'TMLE': (0.08387459891355896, 28.17509412765503), 'Off-policy': (0.0018256766956187347, 14.425926208496094), 'Double-Double': (0.005298878521628919, 30.708338022232056), 'Direct Prediction': (0.22379010362857496, 14.279324054718018), 'FlexTENet': (569.9248636855049, 22.948116302490234), 'OffsetNet': (0.051076793284253894, 18.497941493988037), 'TNet': (0.055032597796459706, 10.81873893737793), 'TARNet': (1.1315589572816258, 12.202841758728027), 'RANet': (0.5947911128130854, 20.77532982826233)}
{'Propensity Stratification': (1.571194450315691e-06, 0.0037631988525390625), 'Direct Difference': (2.5599999999999984e-06, 0.00049591064453125), 'Adjusted Direct': (0.003016483171367834, 11.41632604598999), 'Horvitz-Thompson': (0.0006575001827851386, 0.00048804283142089844), 'TMLE': (0.17704904619140982, 28.301316499710083), 'Off-policy': (0.018420591677865184, 16.172673225402832), 'Double-Double': (0.03208637734374731, 28.138672351837158), 'Direct Prediction': (0.0024393855827233176, 14.0392005443573), 'FlexTENet': (0.23819078761125378, 21.91878628730774), 'OffsetNet': (0.4711206828246487, 18.488811254501343), 'TNet': (0.22727323644024175, 9.039515018463135), 'TARNet': (0.10518777107486399, 8.065374612808228), 'RANet': (0.04599357462385577, 18.64008855819702)}
{'Propensity Stratification': (0.00014021692952944834, 0.003540515899658203), 'Direct Difference': (6.0839999999999993e-05, 0.0004887580871582031), 'Adjusted Direct': (0.0003691744930339559, 14.275035381317139), 'Horvitz-Thompson': (0.00013595561268219515, 0.0004544258117675781), 'TMLE': (0.9852306645763375, 27.108206272125244), 'Off-policy': (0.001671200269577684, 12.160881042480469), 'Double-Double': (4.0809739487914535e-05, 26.586753845214844), 'Direct Prediction': (0.025807114811568187, 12.582823038101196), 'FlexTENet': (3.4947248590298896, 21.468372583389282), 'OffsetNet': (0.03280938648046692, 18.619502067565918), 'TNet': (18.67533032145072, 12.47123408317566), 'TARNet': (6.14544911682712e-05, 9.842875957489014), 'RANet': (22.646085235439312, 16.126729726791382)}
{'Regression Discontinuity': (2.116e-05, 0.0008766651153564453), 'Propensity Stratification': (5.168893975816069e-06, 0.003265380859375), 'Direct Difference': (3.599999999999998e-07, 0.0004889965057373047), 'Adjusted Direct': (0.002923651507116525, 13.001709461212158), 'Horvitz-Thompson': (2.179275263855485e-05, 0.00048470497131347656), 'TMLE': (0.04153425015051602, 29.992181062698364), 'Off-policy': (0.006404339452315236, 12.560389518737793), 'Double-Double': (0.0012787640859636769, 28.20405340194702), 'Direct Prediction': (0.015762384928108303, 15.387266159057617), 'FlexTENet': (5.717423634083232, 23.45401620864868), 'OffsetNet': (0.01800819892640024, 17.35941767692566), 'TNet': (0.020892869445445418, 11.603390455245972), 'TARNet': (0.00014046269651052314, 11.320924282073975), 'RANet': (0.3141047026729191, 17.32127022743225)}
{'Propensity Stratification': (0.00010152167992544947, 0.003666400909423828), 'Direct Difference': (8.100000000000002e-05, 0.0005290508270263672), 'Adjusted Direct': (0.08715829540671846, 15.061567068099976), 'Horvitz-Thompson': (9.179926366670291e-05, 0.0004885196685791016), 'TMLE': (0.114072678302348, 27.906434297561646), 'Off-policy': (3.765626831581727e-05, 15.628734827041626), 'Double-Double': (0.005469720823989357, 28.75293207168579), 'Direct Prediction': (0.057192837436545414, 15.212674140930176), 'FlexTENet': (56.85902001351419, 23.07080888748169), 'OffsetNet': (0.003381733332689274, 19.386391401290894), 'TNet': (8.349686597059332, 9.895657777786255), 'TARNet': (0.00962928378594114, 6.739436388015747), 'RANet': (7.075868251138638, 13.93561339378357)}
{'Regression Discontinuity': (6.4e-05, 0.0010342597961425781), 'Propensity Stratification': (2.3136953127874835e-06, 0.0037314891815185547), 'Direct Difference': (6.400000000000005e-07, 0.0005156993865966797), 'Adjusted Direct': (0.09661974577120443, 15.079557180404663), 'Horvitz-Thompson': (0.00010290518332229078, 0.0005006790161132812), 'TMLE': (0.26289961794383604, 28.69761371612549), 'Off-policy': (0.0019773294396817397, 15.200732231140137), 'Double-Double': (0.0015734570850532194, 25.970749855041504), 'Direct Prediction': (0.10471168016760535, 15.458379030227661), 'FlexTENet': (0.05476881787679997, 20.223548412322998), 'OffsetNet': (0.3187330858031972, 24.118337154388428), 'TNet': (1.2282275873874315, 9.3434898853302), 'TARNet': (0.07300167746069089, 10.293969631195068), 'RANet': (0.2646084525987841, 18.059882402420044)}
{'Regression Discontinuity': (4e-06, 0.0011420249938964844), 'Propensity Stratification': (2.4906946651774332e-05, 0.0026352405548095703), 'Direct Difference': (7.839999999999998e-06, 0.0004911422729492188), 'Adjusted Direct': (0.011531230119092314, 14.308799743652344), 'Horvitz-Thompson': (0.0001686009484999086, 0.00046133995056152344), 'TMLE': (0.004209541389789455, 28.42285943031311), 'Off-policy': (0.00046034718267849684, 14.222398042678833), 'Double-Double': (0.0003975155262854579, 27.169142961502075), 'Direct Prediction': (0.13218034989689398, 14.345052480697632), 'FlexTENet': (53.32438096243333, 20.25989270210266), 'OffsetNet': (0.9004575103011531, 17.77648138999939), 'TNet': (0.024657575528587546, 13.077128887176514), 'TARNet': (0.14444453232728877, 11.092996835708618), 'RANet': (0.08064202589295383, 21.89176607131958)}
{'Propensity Stratification': (6.651990882875255e-06, 0.003847837448120117), 'Direct Difference': (1e-06, 0.0005397796630859375), 'Adjusted Direct': (8.622062944516997e-05, 15.187365055084229), 'Horvitz-Thompson': (3.049141055914865e-06, 0.0004684925079345703), 'TMLE': (0.10830953386372344, 27.726253509521484), 'Off-policy': (0.01012778443305085, 15.18341875076294), 'Double-Double': (0.0012161141612276813, 25.12724208831787), 'Direct Prediction': (0.01961936929159051, 15.893239498138428), 'FlexTENet': (4.426125735381675, 21.055238723754883), 'OffsetNet': (0.562236791223378, 15.653277397155762), 'TNet': (0.008618624884816345, 11.379788875579834), 'TARNet': (0.06300916881898933, 11.009596109390259), 'RANet': (1.3422530347653647, 20.584802865982056)}
{'Regression Discontinuity': (3.3639999999999996e-05, 0.0008943080902099609), 'Propensity Stratification': (6.937598197204534e-05, 0.0028476715087890625), 'Direct Difference': (6.724000000000001e-05, 0.0005276203155517578), 'Adjusted Direct': (0.38304347420751, 15.351997375488281), 'Horvitz-Thompson': (2.973470910805354e-06, 0.00044846534729003906), 'TMLE': (0.1636894665150199, 26.647876501083374), 'Off-policy': (5.972821581963657e-06, 15.328529357910156), 'Double-Double': (0.013847046869730033, 25.66520643234253), 'Direct Prediction': (0.30591708360011044, 14.901204586029053), 'FlexTENet': (0.4442883321756095, 24.036216735839844), 'OffsetNet': (0.0736599084900014, 20.219845294952393), 'TNet': (0.29550676174081825, 7.281429052352905), 'TARNet': (0.11542421058182517, 11.042175769805908), 'RANet': (3.403071915021375, 16.40486168861389)}
{'Propensity Stratification': (7.80241513649831e-05, 0.0026061534881591797), 'Direct Difference': (6.76e-06, 0.00048732757568359375), 'Adjusted Direct': (0.0032031641651496245, 15.064427375793457), 'Horvitz-Thompson': (7.091241337772199e-05, 0.00047659873962402344), 'TMLE': (0.09778957491711644, 27.00106716156006), 'Off-policy': (0.003113174929847154, 15.621209859848022), 'Double-Double': (0.011019540677492836, 32.88317918777466), 'Direct Prediction': (0.1775677559728542, 14.92286992073059), 'FlexTENet': (0.4728636475811021, 20.98252582550049), 'OffsetNet': (3.7662509262161974, 21.287129878997803), 'TNet': (0.04829857904301134, 9.762770891189575), 'TARNet': (30.281421912132362, 12.078026533126831), 'RANet': (0.21007678558617235, 17.81313920021057)}
{'Propensity Stratification': (3.50071643980764e-06, 0.00337982177734375), 'Direct Difference': (7.839999999999998e-06, 0.00048279762268066406), 'Adjusted Direct': (0.17356537752405604, 11.958795070648193), 'Horvitz-Thompson': (2.45259929889642e-06, 0.00045490264892578125), 'TMLE': (0.08597410508780004, 29.66261100769043), 'Off-policy': (0.0026777254804258624, 15.068743228912354), 'Double-Double': (0.0016028155712500994, 30.082114696502686), 'Direct Prediction': (0.09420096994390947, 15.13140082359314), 'FlexTENet': (0.3749578889765058, 19.772006273269653), 'OffsetNet': (0.21353716667038236, 21.893120527267456), 'TNet': (18.990805194904357, 15.286575555801392), 'TARNet': (0.6041359653408566, 9.271557331085205), 'RANet': (4.731837199742145, 19.973069667816162)}
{'Regression Discontinuity': (3.844e-05, 0.0009713172912597656), 'Propensity Stratification': (1.908314228542709e-06, 0.0022690296173095703), 'Direct Difference': (9e-06, 0.0004763603210449219), 'Adjusted Direct': (0.00023859834630382098, 14.772974252700806), 'Horvitz-Thompson': (5.406278728054179e-06, 0.0005056858062744141), 'TMLE': (0.14207214551584238, 29.688238620758057), 'Off-policy': (0.030391425314846426, 12.095568656921387), 'Double-Double': (0.02883325405842185, 27.49955725669861), 'Direct Prediction': (0.6022956281239602, 15.295262098312378), 'FlexTENet': (2.1926678958727446, 23.03648614883423), 'OffsetNet': (9.088853699654532, 24.780622005462646), 'TNet': (0.0006929163452700081, 9.154029607772827), 'TARNet': (0.7680824092596195, 12.032770156860352), 'RANet': (51.891403054738, 17.008438110351562)}
{'Propensity Stratification': (1.233869487123038e-05, 0.003487110137939453), 'Direct Difference': (3.599999999999998e-07, 0.0005586147308349609), 'Adjusted Direct': (0.005816858092851706, 11.712012767791748), 'Horvitz-Thompson': (0.00012179598621032576, 0.0004565715789794922), 'TMLE': (0.01971555659590802, 29.05152988433838), 'Off-policy': (0.01045650733407303, 14.534980773925781), 'Double-Double': (0.010234154757990358, 27.160783529281616), 'Direct Prediction': (0.37610443816388317, 11.908057928085327), 'FlexTENet': (44.248614622190495, 24.340078353881836), 'OffsetNet': (0.05948001296775373, 19.257254123687744), 'TNet': (0.14254410565713366, 12.15014386177063), 'TARNet': (0.010511612264942797, 8.250173807144165), 'RANet': (0.18471488565941027, 21.555187463760376)}
{'Propensity Stratification': (2.473837100283726e-05, 0.002763509750366211), 'Direct Difference': (3.2400000000000016e-06, 0.0005183219909667969), 'Adjusted Direct': (0.0002377413486190032, 14.493420600891113), 'Horvitz-Thompson': (2.91391814059663e-05, 0.00046706199645996094), 'TMLE': (0.02418633710317438, 26.45708465576172), 'Off-policy': (0.02095725635778688, 14.886079788208008), 'Double-Double': (0.041638368471308994, 26.917283296585083), 'Direct Prediction': (0.22872220764242415, 11.816129684448242), 'FlexTENet': (5680.745671796071, 25.35875701904297), 'OffsetNet': (1.6147241721005605, 9.97364091873169), 'TNet': (16.647739878889546, 12.869285345077515), 'TARNet': (0.1724875383926658, 10.9532310962677), 'RANet': (1.6276272967280454, 18.569329977035522)}
{'Propensity Stratification': (5.374921834467573e-05, 0.0024814605712890625), 'Direct Difference': (8.464e-05, 0.0005025863647460938), 'Adjusted Direct': (0.005641840530655407, 11.565192222595215), 'Horvitz-Thompson': (5.3024469370679455e-05, 0.0004734992980957031), 'TMLE': (0.04355689035928425, 29.3237726688385), 'Off-policy': (0.0022773956281144157, 14.618936777114868), 'Double-Double': (0.003930735777957325, 29.270694971084595), 'Direct Prediction': (0.20794472373727937, 14.460305452346802), 'FlexTENet': (6.985979473269472, 20.920738697052002), 'OffsetNet': (0.026437711467600933, 6.207063674926758), 'TNet': (1.2112550942041944, 10.228641748428345), 'TARNet': (0.1190940421543429, 6.413414239883423), 'RANet': (0.9453320962677016, 14.803732633590698)}
{'Propensity Stratification': (3.5602994302627154e-05, 0.0025730133056640625), 'Direct Difference': (2.704e-05, 0.0005049705505371094), 'Adjusted Direct': (0.0001302670769577695, 14.134315252304077), 'Horvitz-Thompson': (0.00017743987499743661, 0.00045490264892578125), 'TMLE': (0.05091416533334831, 28.989700078964233), 'Off-policy': (0.0009097478059001867, 14.473889350891113), 'Double-Double': (0.000956397435385649, 29.394959449768066), 'Direct Prediction': (0.1180996889550792, 14.459390640258789), 'FlexTENet': (1.8954229582241646, 20.647886753082275), 'OffsetNet': (0.02023882571853244, 17.005513668060303), 'TNet': (0.0430501111573795, 8.7412748336792), 'TARNet': (262.41801566427813, 9.17799973487854), 'RANet': (0.04056534130928782, 13.87723994255066)}
{'Propensity Stratification': (1.165833398057803e-05, 0.00404047966003418), 'Direct Difference': (7.84e-06, 0.0004966259002685547), 'Adjusted Direct': (2.3166863511556956e-06, 15.013299942016602), 'Horvitz-Thompson': (3.192875766899817e-05, 0.0004584789276123047), 'TMLE': (18.209809485937125, 31.094542503356934), 'Off-policy': (0.0009789046375710468, 12.509374380111694), 'Double-Double': (0.003931821805827062, 27.43260931968689), 'Direct Prediction': (0.0312668580376593, 15.635020732879639), 'FlexTENet': (34.665747516942616, 22.786181449890137), 'OffsetNet': (0.04145154410924722, 14.883842468261719), 'TNet': (0.01775751332053849, 13.255465030670166), 'TARNet': (1.7384562566764674, 11.10824728012085), 'RANet': (0.10245622832826456, 22.80912160873413)}
{'Regression Discontinuity': (3.136e-05, 0.0008859634399414062), 'Propensity Stratification': (1.1041348058961904e-05, 0.00299072265625), 'Direct Difference': (1.5999999999999992e-05, 0.0005140304565429688), 'Adjusted Direct': (0.0592550818894387, 15.949759006500244), 'Horvitz-Thompson': (1.0509635944316256e-07, 0.00046896934509277344), 'TMLE': (1.580740027546774, 28.24054193496704), 'Off-policy': (0.0010726503544146821, 15.608922958374023), 'Double-Double': (0.000515225648906303, 26.812596321105957), 'Direct Prediction': (0.12768108675505374, 12.796214818954468), 'FlexTENet': (1.1360461225695002, 22.041255712509155), 'OffsetNet': (0.5598656227530061, 22.412392139434814), 'TNet': (1594.8570427897234, 17.120800733566284), 'TARNet': (5.444248140282017, 12.629859924316406), 'RANet': (202.11029099567367, 22.3249728679657)}
{'Propensity Stratification': (1.7519911666690554e-05, 0.0030977725982666016), 'Direct Difference': (3.24e-06, 0.0004715919494628906), 'Adjusted Direct': (6.632812540727252e-05, 11.44210171699524), 'Horvitz-Thompson': (0.00010798225764384892, 0.0004837512969970703), 'TMLE': (0.043147787466183446, 27.056647777557373), 'Off-policy': (0.02676705128791297, 14.612664222717285), 'Double-Double': (0.0011578834759523725, 29.00027298927307), 'Direct Prediction': (0.3036927466941323, 14.493953227996826), 'FlexTENet': (14.151743989562364, 19.824010848999023), 'OffsetNet': (0.20024710298826912, 20.279376983642578), 'TNet': (10.991824350217545, 15.008098125457764), 'TARNet': (0.19745594761497468, 9.974498748779297), 'RANet': (3.013036149638838, 20.506049633026123)}
{'Regression Discontinuity': (1.7639999999999997e-05, 0.001107931137084961), 'Propensity Stratification': (4.175927189064793e-06, 0.0024034976959228516), 'Direct Difference': (5.475999999999999e-05, 0.0004794597625732422), 'Adjusted Direct': (0.009200828634321014, 14.910269260406494), 'Horvitz-Thompson': (6.945353337036413e-06, 0.0004858970642089844), 'TMLE': (0.01555332499190228, 30.18882155418396), 'Off-policy': (0.004677784290262606, 12.173875093460083), 'Double-Double': (6.633160949115949e-05, 24.470971822738647), 'Direct Prediction': (0.013016726788481888, 15.544325351715088), 'FlexTENet': (26.343042780917727, 23.093230724334717), 'OffsetNet': (0.08695951331382776, 17.698177099227905), 'TNet': (0.0004130922901554665, 8.172651052474976), 'TARNet': (1.5099039256554894, 13.509594917297363), 'RANet': (20.19716297180038, 16.153775215148926)}
{'Regression Discontinuity': (6.724000000000001e-05, 0.0011959075927734375), 'Propensity Stratification': (4.365066057225166e-06, 0.003247976303100586), 'Direct Difference': (1.960000000000003e-06, 0.00046896934509277344), 'Adjusted Direct': (0.0007319460717712037, 14.76030158996582), 'Horvitz-Thompson': (0.0003429321799144794, 0.0004520416259765625), 'TMLE': (0.11990042564934933, 26.919798612594604), 'Off-policy': (0.001476676301679638, 15.525543928146362), 'Double-Double': (0.006006253042220498, 30.99075937271118), 'Direct Prediction': (0.3776785696370335, 18.419971227645874), 'FlexTENet': (104.86008901477031, 22.120174646377563), 'OffsetNet': (0.028274533766128814, 8.226848602294922), 'TNet': (1.5048950075443246, 10.308137655258179), 'TARNet': (0.13256865051601438, 7.525057554244995), 'RANet': (0.536771382100836, 18.50611639022827)}
{'Regression Discontinuity': (5.4760000000000004e-05, 0.0010023117065429688), 'Propensity Stratification': (5.041742969238824e-05, 0.0033969879150390625), 'Direct Difference': (6.723999999999999e-05, 0.0004935264587402344), 'Adjusted Direct': (0.0010200736596282793, 12.976222276687622), 'Horvitz-Thompson': (4.5312532321409834e-05, 0.0005075931549072266), 'TMLE': (0.49402848174080244, 27.815325498580933), 'Off-policy': (0.05081874484025208, 15.649627685546875), 'Double-Double': (0.015789044524684825, 31.830330848693848), 'Direct Prediction': (0.22708807593564984, 12.894584894180298), 'FlexTENet': (248.31510289234558, 23.115796089172363), 'OffsetNet': (0.22774280154180807, 8.992048263549805), 'TNet': (12.500640380355165, 10.576045513153076), 'TARNet': (4.419753357292117, 7.164829730987549), 'RANet': (0.4871921537703593, 22.572683572769165)}
{'Regression Discontinuity': (1.156e-05, 0.0011539459228515625), 'Propensity Stratification': (7.969872311593902e-06, 0.002330303192138672), 'Direct Difference': (1.444e-05, 0.0004978179931640625), 'Adjusted Direct': (0.012147448142524478, 16.02734065055847), 'Horvitz-Thompson': (4.3380846576475175e-06, 0.0004954338073730469), 'TMLE': (0.6432980128970357, 31.705488920211792), 'Off-policy': (0.12029433473825911, 12.816357612609863), 'Double-Double': (0.001960167972011506, 29.31592845916748), 'Direct Prediction': (0.011834131135190903, 13.107208490371704), 'FlexTENet': (397.75899334594266, 22.598705768585205), 'OffsetNet': (55.599786408916195, 24.174493312835693), 'TNet': (0.0017304780145437331, 10.730016469955444), 'TARNet': (0.16208867034527033, 7.908474683761597), 'RANet': (0.09721208563570136, 16.47849202156067)}
{'Propensity Stratification': (3.535128145672407e-06, 0.0035047531127929688), 'Direct Difference': (1.599999999999998e-07, 0.0005345344543457031), 'Adjusted Direct': (0.006159395992736826, 16.76627516746521), 'Horvitz-Thompson': (1.6577254261044935e-05, 0.00048041343688964844), 'TMLE': (0.04046600510067943, 29.594794511795044), 'Off-policy': (0.000367784465905234, 16.82996106147766), 'Double-Double': (0.010417539497105872, 30.344051599502563), 'Direct Prediction': (0.39615248372519574, 14.241876125335693), 'FlexTENet': (16.512753446039273, 20.82648205757141), 'OffsetNet': (0.6810923124704072, 14.49422311782837), 'TNet': (0.19450214824115752, 7.8146350383758545), 'TARNet': (0.000960623329404756, 8.114397048950195), 'RANet': (0.29624259339341785, 15.5422842502594)}
{'Propensity Stratification': (8.708647603140361e-05, 0.0032830238342285156), 'Direct Difference': (3.136000000000001e-05, 0.00048279762268066406), 'Adjusted Direct': (0.004092489924677167, 16.082314014434814), 'Horvitz-Thompson': (6.88146696875276e-05, 0.0004718303680419922), 'TMLE': (0.07721286586230074, 30.96544337272644), 'Off-policy': (0.000562406067756372, 13.026443243026733), 'Double-Double': (0.00011866521479831958, 28.32776141166687), 'Direct Prediction': (0.08224167112643178, 16.498194694519043), 'FlexTENet': (25.854680351266914, 22.307488679885864), 'OffsetNet': (0.07138414979055316, 20.535019159317017), 'TNet': (0.22138917807554565, 5.496426820755005), 'TARNet': (0.00047658997286944237, 9.782147645950317), 'RANet': (0.2393444303913914, 11.487334966659546)}
{'Regression Discontinuity': (5.184e-05, 0.0011186599731445312), 'Propensity Stratification': (4.0829347857370833e-10, 0.002985715866088867), 'Direct Difference': (1.0239999999999999e-05, 0.0005147457122802734), 'Adjusted Direct': (0.049995581580628085, 12.534193515777588), 'Horvitz-Thompson': (0.00021340896781665353, 0.00046515464782714844), 'TMLE': (1.852622310231233, 28.62771725654602), 'Off-policy': (0.023518988424535276, 16.196783781051636), 'Double-Double': (0.027768132020298427, 26.299464225769043), 'Direct Prediction': (0.026452824029171575, 16.150681257247925), 'FlexTENet': (0.13818946120695036, 21.99103307723999), 'OffsetNet': (0.0019750169230078845, 22.47866129875183), 'TNet': (0.3297447683707297, 10.266926050186157), 'TARNet': (0.08210670813181138, 10.277422189712524), 'RANet': (1.129697005008645, 16.837568998336792)}
{'Regression Discontinuity': (6.0839999999999993e-05, 0.0011098384857177734), 'Propensity Stratification': (1.4950195302571578e-05, 0.0032384395599365234), 'Direct Difference': (3.3639999999999996e-05, 0.0005388259887695312), 'Adjusted Direct': (0.05364909228404512, 14.038025379180908), 'Horvitz-Thompson': (3.1653154368380434e-05, 0.0004947185516357422), 'TMLE': (0.01744519482098765, 30.09071445465088), 'Off-policy': (6.36934077838546e-05, 13.231982469558716), 'Double-Double': (0.0015393224394098823, 26.186843156814575), 'Direct Prediction': (0.00935597574898583, 16.555121183395386), 'FlexTENet': (0.1808442344268586, 19.70025086402893), 'OffsetNet': (0.058014861514952186, 20.101895570755005), 'TNet': (0.3897337701543522, 10.172599792480469), 'TARNet': (0.083842182121052, 12.645750284194946), 'RANet': (0.23619251279267944, 17.866139888763428)}
{'Regression Discontinuity': (1.936e-05, 0.0011196136474609375), 'Propensity Stratification': (7.09462481120523e-08, 0.0029754638671875), 'Direct Difference': (4e-06, 0.0005178451538085938), 'Adjusted Direct': (0.0005364043691305537, 16.909233331680298), 'Horvitz-Thompson': (0.00022169994529372213, 0.00045943260192871094), 'TMLE': (0.24073304863483144, 33.207446813583374), 'Off-policy': (0.0022692193406423033, 16.924529314041138), 'Double-Double': (0.02113716728730924, 30.831659078598022), 'Direct Prediction': (0.04315442539966629, 17.238625288009644), 'FlexTENet': (9.952633372346474, 21.84131360054016), 'OffsetNet': (1.5240269083867577, 18.354034662246704), 'TNet': (1.3683314242521165, 10.994339227676392), 'TARNet': (0.01931544902713738, 10.935165643692017), 'RANet': (1.2925352238794623, 16.737032175064087)}
{'Propensity Stratification': (1.4786224834403342e-05, 0.003291606903076172), 'Direct Difference': (2.704e-05, 0.0005490779876708984), 'Adjusted Direct': (0.002276888957777854, 14.12329626083374), 'Horvitz-Thompson': (4.1493614983408874e-05, 0.00047969818115234375), 'TMLE': (0.3810306210487948, 31.96501922607422), 'Off-policy': (0.002469889884535847, 14.02900218963623), 'Double-Double': (0.027059569363716448, 30.707520723342896), 'Direct Prediction': (0.5972343620740578, 14.251683235168457), 'FlexTENet': (374.9841140072542, 19.793683290481567), 'OffsetNet': (0.005896728586826854, 11.326722621917725), 'TNet': (0.6403633402809858, 9.009254455566406), 'TARNet': (0.15346626331317842, 8.032544612884521), 'RANet': (0.8531246190595796, 16.83329153060913)}
{'Regression Discontinuity': (3.136e-05, 0.0010139942169189453), 'Propensity Stratification': (3.7656880625466504e-06, 0.003278493881225586), 'Direct Difference': (0.0, 0.0004596710205078125), 'Adjusted Direct': (0.003923609362184297, 12.581113338470459), 'Horvitz-Thompson': (1.6585857035839877e-06, 0.00045108795166015625), 'TMLE': (1.0944342985247792, 24.261895418167114), 'Off-policy': (0.00010996355229530386, 14.025419235229492), 'Double-Double': (0.010831610941285303, 22.76385760307312), 'Direct Prediction': (0.007469446929448869, 9.821604251861572), 'FlexTENet': (11.595471671345829, 19.677144527435303), 'OffsetNet': (0.4721908039801525, 17.203105449676514), 'TNet': (2.975095303202034, 11.364535808563232), 'TARNet': (0.3558492448200925, 9.027379274368286), 'RANet': (8.92179419550811, 20.18531608581543)}
{'Propensity Stratification': (8.85350018919606e-07, 0.00252532958984375), 'Direct Difference': (1.6e-05, 0.00045800209045410156), 'Adjusted Direct': (0.0035196929669642656, 9.146284341812134), 'Horvitz-Thompson': (1.3795419269590692e-05, 0.0004718303680419922), 'TMLE': (0.0005196910781792052, 22.745856285095215), 'Off-policy': (0.006030515270773119, 9.384769439697266), 'Double-Double': (0.00021934210368001713, 21.806807041168213), 'Direct Prediction': (0.008373594384740479, 9.360536336898804), 'FlexTENet': (0.16447570653185947, 22.852413654327393), 'OffsetNet': (0.05887454343117203, 12.150930881500244), 'TNet': (0.6267856319248577, 7.932147026062012), 'TARNet': (10.096427290229679, 9.346809148788452), 'RANet': (14.697421876357382, 16.17535948753357)}
{'Regression Discontinuity': (2.116e-05, 0.0011970996856689453), 'Propensity Stratification': (3.5937494325690086e-07, 0.002804279327392578), 'Direct Difference': (5.4760000000000004e-05, 0.00046372413635253906), 'Adjusted Direct': (0.004340607247813871, 12.348579406738281), 'Horvitz-Thompson': (2.5905947706355236e-05, 0.0004458427429199219), 'TMLE': (0.02634046578806461, 22.28777265548706), 'Off-policy': (0.004978901972311651, 14.50171709060669), 'Double-Double': (1.1288208759393808e-05, 25.591086864471436), 'Direct Prediction': (0.003987663659157048, 12.773032188415527), 'FlexTENet': (0.11619386347034016, 18.636473178863525), 'OffsetNet': (0.08905410535484289, 18.343855381011963), 'TNet': (0.37147758249457863, 6.133252859115601), 'TARNet': (0.10876996082450124, 7.348117351531982), 'RANet': (8.720014804923334, 15.983473777770996)}
{'Propensity Stratification': (3.6349714399449184e-06, 0.002753734588623047), 'Direct Difference': (9.000000000000005e-06, 0.000484466552734375), 'Adjusted Direct': (0.20586448285348863, 12.707391738891602), 'Horvitz-Thompson': (1.097269436272307e-05, 0.0004756450653076172), 'TMLE': (0.05709897210371531, 22.332557916641235), 'Off-policy': (0.008627936966621483, 13.390984058380127), 'Double-Double': (2.0001310196863544e-05, 20.97541332244873), 'Direct Prediction': (0.15762461303589484, 13.118464708328247), 'FlexTENet': (5.29343422562887, 19.37899684906006), 'OffsetNet': (0.004271242489193081, 18.947962522506714), 'TNet': (0.3374309658358334, 12.095464944839478), 'TARNet': (1.5834066358293086, 8.67715072631836), 'RANet': (0.0017287211794503351, 15.017556428909302)}
{'Propensity Stratification': (2.786380012505821e-06, 0.0024225711822509766), 'Direct Difference': (9e-06, 0.0004658699035644531), 'Adjusted Direct': (0.0004326394948531672, 12.485352039337158), 'Horvitz-Thompson': (0.00013583782771172791, 0.0004937648773193359), 'TMLE': (4.28237045730959, 22.426177740097046), 'Off-policy': (0.005519246166153866, 9.887408018112183), 'Double-Double': (0.0029233957340958593, 19.795341730117798), 'Direct Prediction': (0.19861784021121573, 12.614283323287964), 'FlexTENet': (0.023808629875488683, 17.533788681030273), 'OffsetNet': (0.1683401224498696, 17.512468099594116), 'TNet': (0.2523733540611375, 9.823736429214478), 'TARNet': (1.6519007210613081, 10.455312013626099), 'RANet': (0.3036713323252426, 17.58233141899109)}
{'Regression Discontinuity': (6.0839999999999993e-05, 0.0011074542999267578), 'Propensity Stratification': (1.0493153842083703e-05, 0.002431631088256836), 'Direct Difference': (2.9160000000000002e-05, 0.0004706382751464844), 'Adjusted Direct': (0.00019918771037741198, 12.337042570114136), 'Horvitz-Thompson': (5.985401679892866e-05, 0.0004589557647705078), 'TMLE': (1.5835879121077758, 21.746057510375977), 'Off-policy': (0.0029461720229580412, 13.208991289138794), 'Double-Double': (3.056952481947516e-05, 26.524695873260498), 'Direct Prediction': (0.020244203453010742, 13.013360500335693), 'FlexTENet': (37.518885743610404, 17.69663643836975), 'OffsetNet': (0.025588064349296655, 19.028772592544556), 'TNet': (0.4933792214812882, 10.094858646392822), 'TARNet': (0.12593663313202252, 6.356538534164429), 'RANet': (1.8807657952164398, 17.32628321647644)}
{'Propensity Stratification': (6.188614740712627e-06, 0.003918170928955078), 'Direct Difference': (1.0239999999999999e-05, 0.0004775524139404297), 'Adjusted Direct': (0.0034666331055304028, 12.416201829910278), 'Horvitz-Thompson': (2.469139324261255e-07, 0.0004482269287109375), 'TMLE': (0.27536125134719525, 22.259307861328125), 'Off-policy': (0.01108519646075893, 10.034674406051636), 'Double-Double': (0.00226292237793578, 26.8851580619812), 'Direct Prediction': (0.11684939479982479, 9.905966758728027), 'FlexTENet': (3.32154029543064, 18.509995937347412), 'OffsetNet': (0.0001371313839621674, 19.512916564941406), 'TNet': (0.2919279583525634, 11.039692401885986), 'TARNet': (1.7209905082622563, 5.658994913101196), 'RANet': (0.02296473422619292, 18.496561527252197)}
{'Propensity Stratification': (8.521426214869736e-05, 0.002318143844604492), 'Direct Difference': (1.936e-05, 0.0004608631134033203), 'Adjusted Direct': (0.0014268503906686562, 9.19586181640625), 'Horvitz-Thompson': (2.4709038780726592e-05, 0.0004572868347167969), 'TMLE': (0.005164778351145859, 22.314464569091797), 'Off-policy': (0.017830222564058962, 9.692460775375366), 'Double-Double': (0.003913776795341263, 22.51763892173767), 'Direct Prediction': (0.2265465266871516, 12.929048299789429), 'FlexTENet': (0.27783523057826554, 19.683326959609985), 'OffsetNet': (0.3286037089732045, 9.378707647323608), 'TNet': (0.028015155998105043, 6.789696455001831), 'TARNet': (0.004228250759877564, 11.433410406112671), 'RANet': (0.21645055454047024, 16.485177040100098)}
{'Propensity Stratification': (0.00012691895549322884, 0.003432035446166992), 'Direct Difference': (5.4760000000000004e-05, 0.00046706199645996094), 'Adjusted Direct': (0.012577222548971053, 13.61481523513794), 'Horvitz-Thompson': (9.749925742166636e-05, 0.00047516822814941406), 'TMLE': (0.05889196185903278, 22.268146991729736), 'Off-policy': (3.4670281005597065e-05, 13.069278955459595), 'Double-Double': (0.00012687398026375803, 26.053774118423462), 'Direct Prediction': (0.6887599257821734, 9.701104640960693), 'FlexTENet': (0.0771985539069131, 18.266499042510986), 'OffsetNet': (0.12398510234801545, 18.198424577713013), 'TNet': (40.30755476834615, 10.132951498031616), 'TARNet': (0.04811376639308729, 6.552719354629517), 'RANet': (0.2011857534350945, 15.256579875946045)}
{'Propensity Stratification': (9.304783902678024e-06, 0.0026388168334960938), 'Direct Difference': (4.0959999999999994e-05, 0.0004742145538330078), 'Adjusted Direct': (0.005601540544597934, 9.511433601379395), 'Horvitz-Thompson': (0.00023215646992394323, 0.0004627704620361328), 'TMLE': (0.0061078090410916575, 22.59324073791504), 'Off-policy': (0.08183014248206436, 10.356518983840942), 'Double-Double': (0.02435344614199454, 27.372397422790527), 'Direct Prediction': (0.05343175470906852, 13.067917585372925), 'FlexTENet': (23.03513188559073, 18.843729734420776), 'OffsetNet': (0.00022975289378991014, 19.006555557250977), 'TNet': (0.2648031823379442, 7.8192126750946045), 'TARNet': (0.008270121792075764, 8.578826189041138), 'RANet': (1.2268636978526264, 17.568544626235962)}
{'Regression Discontinuity': (7.396e-05, 0.0011332035064697266), 'Propensity Stratification': (1.0892621959259432e-06, 0.0031647682189941406), 'Direct Difference': (1.4439999999999997e-05, 0.0004992485046386719), 'Adjusted Direct': (2.2145882622344544e-05, 13.747072696685791), 'Horvitz-Thompson': (1.97890629393462e-05, 0.0004718303680419922), 'TMLE': (0.02963443374512936, 22.76820468902588), 'Off-policy': (0.013449796818861064, 13.275010824203491), 'Double-Double': (0.00021692502991634924, 20.353399515151978), 'Direct Prediction': (0.2996853860379378, 14.267733335494995), 'FlexTENet': (23.497489647678552, 20.066465854644775), 'OffsetNet': (0.08550157630406771, 17.153235912322998), 'TNet': (0.05205515894083526, 8.702085018157959), 'TARNet': (4.658847239301942, 8.590075016021729), 'RANet': (0.21487797148156715, 13.047741174697876)}
{'Regression Discontinuity': (0.0001, 0.0010876655578613281), 'Propensity Stratification': (7.103053425539017e-05, 0.0033721923828125), 'Direct Difference': (0.0, 0.00047135353088378906), 'Adjusted Direct': (0.0001462966539709725, 12.521368265151978), 'Horvitz-Thompson': (0.00011383895379010908, 0.00045371055603027344), 'TMLE': (0.013932583441871772, 22.106132984161377), 'Off-policy': (0.00028757228311920255, 9.840145826339722), 'Double-Double': (0.010227569434073895, 23.477492809295654), 'Direct Prediction': (0.13123351210510303, 9.380673885345459), 'FlexTENet': (0.0969838357834808, 17.98116707801819), 'OffsetNet': (0.030731421077750967, 18.71714186668396), 'TNet': (0.9435156579119213, 11.653314113616943), 'TARNet': (0.10181284817917709, 6.853198051452637), 'RANet': (0.1864261362436839, 15.302592754364014)}
{'Regression Discontinuity': (1.444e-05, 0.0011250972747802734), 'Propensity Stratification': (4.2449952421286755e-05, 0.0038576126098632812), 'Direct Difference': (6.76e-06, 0.0004563331604003906), 'Adjusted Direct': (0.0023757359156704985, 9.245437860488892), 'Horvitz-Thompson': (1.0278127943782592e-05, 0.0004742145538330078), 'TMLE': (1.6647202187438888, 22.831202030181885), 'Off-policy': (0.0016674116375315585, 9.664220094680786), 'Double-Double': (0.10839742588041507, 25.969605207443237), 'Direct Prediction': (0.6119200239356951, 12.93945050239563), 'FlexTENet': (0.1011284691343072, 22.393171310424805), 'OffsetNet': (0.006422296494677052, 13.366063117980957), 'TNet': (7.989191727762514, 7.923842906951904), 'TARNet': (7.6571301153552405, 8.90818738937378), 'RANet': (5.210562446116495, 12.841245651245117)}
{'Propensity Stratification': (0.00011100688978658756, 0.002794027328491211), 'Direct Difference': (3.6e-05, 0.0004634857177734375), 'Adjusted Direct': (0.03301654611542494, 9.20329213142395), 'Horvitz-Thompson': (1.0718392184280439e-06, 0.0004513263702392578), 'TMLE': (0.05203193883766162, 25.97830057144165), 'Off-policy': (4.916091771591682e-05, 9.449909925460815), 'Double-Double': (0.0002319167549440069, 22.24267268180847), 'Direct Prediction': (0.019032787183444404, 9.57727575302124), 'FlexTENet': (0.12607418760933303, 20.680111408233643), 'OffsetNet': (2.324540793499213e-06, 10.996090173721313), 'TNet': (0.009717116628816885, 5.181041955947876), 'TARNet': (0.6735914102218602, 10.274779796600342), 'RANet': (0.07655167441008816, 11.00610899925232)}
{'Propensity Stratification': (4.552124968464323e-05, 0.0027322769165039062), 'Direct Difference': (2.5e-05, 0.0004668235778808594), 'Adjusted Direct': (0.007086710417311065, 13.030130386352539), 'Horvitz-Thompson': (0.0001369519136285473, 0.0004658699035644531), 'TMLE': (0.2209419553153078, 22.329851150512695), 'Off-policy': (0.0021933523736550014, 13.103616952896118), 'Double-Double': (0.0004463142287218704, 19.387638568878174), 'Direct Prediction': (0.8127318126831012, 13.00947093963623), 'FlexTENet': (14.563417291029456, 20.65534782409668), 'OffsetNet': (0.011568894968911237, 10.319662094116211), 'TNet': (0.08753155888967265, 9.420082092285156), 'TARNet': (0.015623982159978613, 7.5071539878845215), 'RANet': (0.00044391790342804846, 14.868130683898926)}
{'Regression Discontinuity': (3.6e-05, 0.001108407974243164), 'Propensity Stratification': (8.655504813105187e-05, 0.0034122467041015625), 'Direct Difference': (0.000144, 0.0005002021789550781), 'Adjusted Direct': (0.048619338080877934, 9.905103921890259), 'Horvitz-Thompson': (0.00016706012172473453, 0.00045943260192871094), 'TMLE': (0.08834896406148389, 26.94157600402832), 'Off-policy': (0.0026502856055565585, 9.98146367073059), 'Double-Double': (0.0002912070390339253, 19.321491956710815), 'Direct Prediction': (0.014363811169736446, 13.217581272125244), 'FlexTENet': (0.11894381574954721, 19.4831759929657), 'OffsetNet': (1.3804148881749878, 15.438208103179932), 'TNet': (0.10444718589670862, 8.026238203048706), 'TARNet': (0.3558511439122627, 12.264923810958862), 'RANet': (0.009145181407367286, 14.059962272644043)}
{'Propensity Stratification': (6.727376431039604e-05, 0.0033822059631347656), 'Direct Difference': (1.0239999999999999e-05, 0.0004706382751464844), 'Adjusted Direct': (0.0017306851562549584, 9.64363408088684), 'Horvitz-Thompson': (5.297666986065276e-05, 0.0004642009735107422), 'TMLE': (0.23558311837986695, 22.95921230316162), 'Off-policy': (0.00046226947053963727, 9.971343040466309), 'Double-Double': (0.009544693368046014, 27.745171785354614), 'Direct Prediction': (0.05854849553572496, 9.945966958999634), 'FlexTENet': (0.14351716897092523, 17.68573021888733), 'OffsetNet': (0.0817393038616297, 11.89724588394165), 'TNet': (0.11291688445574666, 5.363840579986572), 'TARNet': (0.29321356727504755, 14.112513303756714), 'RANet': (2.3046768970886164, 12.812835693359375)}
{'Propensity Stratification': (6.739234396277008e-10, 0.0027496814727783203), 'Direct Difference': (1.9600000000000007e-06, 0.0004696846008300781), 'Adjusted Direct': (0.0010648822713405408, 13.409955739974976), 'Horvitz-Thompson': (5.03161924772935e-05, 0.0004582405090332031), 'TMLE': (0.014150705962557865, 23.587207555770874), 'Off-policy': (0.002882668969220833, 14.76791262626648), 'Double-Double': (0.0028515628544098837, 19.916479110717773), 'Direct Prediction': (0.026128547211546706, 10.047820091247559), 'FlexTENet': (0.013012487433627163, 22.76459050178528), 'OffsetNet': (0.015936839823490947, 21.773301601409912), 'TNet': (0.6680262064452337, 10.004239559173584), 'TARNet': (0.2821526720435213, 6.169970989227295), 'RANet': (0.4928882356191239, 17.282166719436646)}
{'Regression Discontinuity': (3.844e-05, 0.0010943412780761719), 'Propensity Stratification': (3.7988292142603345e-05, 0.0028924942016601562), 'Direct Difference': (6.0839999999999993e-05, 0.0004646778106689453), 'Adjusted Direct': (0.040519753548546235, 13.154834032058716), 'Horvitz-Thompson': (8.37264914064182e-05, 0.0004494190216064453), 'TMLE': (0.0024782009023044545, 22.885514974594116), 'Off-policy': (0.0025551559805754324, 9.820807933807373), 'Double-Double': (1.2635079389130876e-05, 20.958195209503174), 'Direct Prediction': (0.2024670402540488, 14.984792947769165), 'FlexTENet': (0.6440100212142841, 19.23742365837097), 'OffsetNet': (0.019953801708103232, 16.01540732383728), 'TNet': (1.2441876347020002, 10.126311540603638), 'TARNet': (0.18388843247955936, 12.29660177230835), 'RANet': (17.23678591172082, 17.844375133514404)}
{'Propensity Stratification': (0.0002301900221551716, 0.002794504165649414), 'Direct Difference': (0.00023716, 0.0004792213439941406), 'Adjusted Direct': (0.011206728876197709, 12.957693338394165), 'Horvitz-Thompson': (0.0003012529604685231, 0.00047135353088378906), 'TMLE': (0.26189928731257134, 24.00840663909912), 'Off-policy': (0.0019145583620223843, 13.765081644058228), 'Double-Double': (0.007295475050447454, 26.618262767791748), 'Direct Prediction': (0.27255983111970816, 9.600919246673584), 'FlexTENet': (5.482701928316067, 18.958826541900635), 'OffsetNet': (0.9345941703707714, 22.035260438919067), 'TNet': (0.1975165772890433, 10.317275285720825), 'TARNet': (0.3226990683188625, 8.641101598739624), 'RANet': (0.05572831046161928, 14.785403966903687)}
{'Propensity Stratification': (7.094465149759875e-06, 0.0035784244537353516), 'Direct Difference': (0.0, 0.0004813671112060547), 'Adjusted Direct': (0.01439465114741801, 9.638216972351074), 'Horvitz-Thompson': (2.710359182968343e-08, 0.00047206878662109375), 'TMLE': (1.0024745174281748, 22.789526224136353), 'Off-policy': (0.0006312344103669452, 9.423685789108276), 'Double-Double': (0.00015551205936133986, 19.45566964149475), 'Direct Prediction': (0.27594336922721446, 13.214790105819702), 'FlexTENet': (0.13030981524968135, 19.331845998764038), 'OffsetNet': (0.0008239103280603705, 16.53028392791748), 'TNet': (0.03689258937571624, 8.549230813980103), 'TARNet': (0.10157036738330291, 5.724730968475342), 'RANet': (0.0226698379232902, 15.80459189414978)}
{'Doubly Robust': (0.0023044956957213305, 20.470210313796997)}
{'Doubly Robust': (0.0007946541218837594, 21.939621210098267)}
{'Doubly Robust': (0.0053714081236088855, 20.675801992416382)}
{'Doubly Robust': (0.0023033142088826376, 20.13238000869751)}
{'Doubly Robust': (0.00038969957515683543, 20.49322199821472)}
{'Doubly Robust': (0.02104952200757818, 21.186309814453125)}
{'Doubly Robust': (0.014023366310730541, 21.411081075668335)}
{'Doubly Robust': (1.338765142706869e-05, 20.445223331451416)}
{'Doubly Robust': (0.00022215944340253126, 20.30519723892212)}
{'Doubly Robust': (4.7889466359623704e-05, 20.84113311767578)}
{'Doubly Robust': (0.008717699051654482, 21.653854608535767)}
{'Doubly Robust': (0.0013192152324150456, 21.44636082649231)}
{'Doubly Robust': (1.034265550265306e-05, 20.56517505645752)}
{'Doubly Robust': (0.0002138544687889895, 20.324153661727905)}
{'Doubly Robust': (0.0007957679754608339, 20.913546800613403)}
{'Doubly Robust': (0.0006655052191974446, 21.021414041519165)}
{'Doubly Robust': (0.0029300600719541835, 20.31120276451111)}
{'Doubly Robust': (0.0025678743683113874, 21.46684765815735)}
{'Doubly Robust': (0.00027872442819588207, 21.28074026107788)}
{'Doubly Robust': (0.00011096782402811057, 21.440086603164673)}
{'Doubly Robust': (0.043488005226886485, 21.161216020584106)}
{'Doubly Robust': (0.001442128337132885, 21.474767208099365)}
{'Doubly Robust': (0.003149475142340209, 21.49354362487793)}
{'Doubly Robust': (0.008466162132669423, 21.5292866230011)}
{'Doubly Robust': (0.08705186078716096, 20.14483141899109)}
{'Doubly Robust': (0.0001111782191144895, 21.38007616996765)}
{'Doubly Robust': (0.02121487690030333, 21.469274044036865)}
{'Doubly Robust': (0.002020845375245787, 20.928830862045288)}
{'Doubly Robust': (0.0049394461444126625, 20.847675561904907)}
{'Doubly Robust': (0.0029310797321873755, 21.01087975502014)}
{'Doubly Robust': (0.0003830447732443579, 21.200729608535767)}
{'Doubly Robust': (5.629069429531779e-06, 21.209312915802002)}
{'Doubly Robust': (0.0025884744003972396, 21.446524620056152)}
{'Doubly Robust': (0.0007959419805684735, 21.449641704559326)}
{'Doubly Robust': (6.1246607063807e-05, 20.622817277908325)}
{'Doubly Robust': (0.00026304777196953753, 20.61599826812744)}
{'Doubly Robust': (0.027506146288285228, 21.19680643081665)}
{'Doubly Robust': (0.0018222598873975958, 20.962374448776245)}
{'Doubly Robust': (0.0008095988694917002, 21.264317750930786)}
{'Doubly Robust': (2.2197495344824988e-07, 20.952331066131592)}
{'Doubly Robust': (0.0005659605698346649, 21.52404022216797)}
{'Doubly Robust': (0.018943139753831224, 20.213411569595337)}
{'Doubly Robust': (0.005066394178681306, 20.80907106399536)}
{'Doubly Robust': (0.0015726744736862582, 21.76506519317627)}
{'Doubly Robust': (0.008489184689979772, 20.70233654975891)}
{'Doubly Robust': (0.0002832419311200777, 20.88248372077942)}
{'Doubly Robust': (0.0008957786713307393, 21.161434412002563)}
{'Doubly Robust': (0.007583751402707945, 21.07068181037903)}
{'Doubly Robust': (0.008651592559329783, 21.47728443145752)}
{'Doubly Robust': (0.4342560769437079, 21.14461922645569)}
{'Doubly Robust': (0.0009890262279594196, 20.049879550933838)}
{'Doubly Robust': (0.002564264665234314, 20.740138292312622)}
{'Doubly Robust': (0.00013422548369865475, 20.97809100151062)}
{'Doubly Robust': (1.2298814435846786e-05, 21.700211763381958)}
{'Doubly Robust': (0.013421693520335152, 21.925767183303833)}
{'Doubly Robust': (0.0001787756700374446, 20.325981378555298)}
{'Doubly Robust': (6.138120227483902e-05, 20.8571879863739)}
{'Doubly Robust': (0.025405004956761266, 20.94688606262207)}
{'Doubly Robust': (0.00030162271575343355, 20.65162682533264)}
{'Doubly Robust': (0.0115430695257323, 21.1308331489563)}
{'Doubly Robust': (0.004663714857763704, 21.046725034713745)}
{'Doubly Robust': (2.4652038624634497e-05, 21.329301357269287)}
{'Doubly Robust': (0.0010953818152347945, 21.560843467712402)}
{'Doubly Robust': (0.0033790217186176015, 20.703150033950806)}
{'Doubly Robust': (0.0012717478659209417, 21.839000463485718)}
{'Doubly Robust': (0.04226796407823515, 21.18841004371643)}
{'Doubly Robust': (0.0020724127964899205, 20.364993810653687)}
{'Doubly Robust': (0.002230888687645158, 20.115050315856934)}
{'Doubly Robust': (0.0010945453392428189, 22.342470169067383)}
{'Doubly Robust': (0.72820866794741, 21.90648126602173)}
{'Doubly Robust': (0.00010813954349548094, 20.585452795028687)}
{'Doubly Robust': (0.009309557963300885, 20.801130294799805)}
{'Doubly Robust': (0.0008659122482537053, 21.277969121932983)}
{'Doubly Robust': (0.04915010181976643, 21.421923637390137)}
{'Doubly Robust': (0.0017389773235243283, 20.83477282524109)}
{'Doubly Robust': (0.0011829340303600897, 20.678203344345093)}
{'Doubly Robust': (0.00016277135582729146, 20.157732248306274)}
{'Doubly Robust': (0.0003144473066355271, 20.517505407333374)}
{'Doubly Robust': (5.255851219014252e-06, 21.30873441696167)}
{'Doubly Robust': (9.422591819347927e-07, 21.340054273605347)}
{'Doubly Robust': (0.03591190677443658, 20.70834732055664)}
{'Doubly Robust': (0.00017662718898117479, 20.22834610939026)}
{'Doubly Robust': (0.03615301844101098, 20.718023777008057)}
{'Doubly Robust': (0.0012050895568309198, 21.523274421691895)}
{'Doubly Robust': (0.0002684594990330517, 20.587432146072388)}
{'Doubly Robust': (1.0482233281445221e-06, 20.613584280014038)}
{'Doubly Robust': (0.003311724824567099, 20.108381748199463)}
{'Doubly Robust': (3.5930601699552165e-05, 21.449164628982544)}
{'Doubly Robust': (4.2560395158661725e-05, 20.621923208236694)}
{'Doubly Robust': (0.0014684946115098127, 21.61720061302185)}
{'Doubly Robust': (0.0007851421626273098, 20.972171545028687)}
{'Doubly Robust': (0.128854480412293, 20.799702882766724)}
{'Doubly Robust': (0.0016415102336908103, 21.561612129211426)}
{'Doubly Robust': (1.0068802372185225e-06, 21.335578680038452)}
{'Doubly Robust': (0.00047197210085849633, 20.269018173217773)}
{'Doubly Robust': (2.0604847509844095e-05, 21.222768783569336)}
{'Doubly Robust': (8.10320415346755e-05, 21.15104579925537)}
{'Doubly Robust': (0.00547096889041174, 21.227442741394043)}
{'Doubly Robust': (0.011614336228691157, 20.99558115005493)}
{'Doubly Robust': (0.001885104206589094, 20.679359912872314)}
